issue_id	source_packet	assistant_label	first_pass_label	first_pass_confidence	first_pass_evidence_span	first_pass_notes	selection_score	selection_reason	audit_bucket	audit_score	priority_score	original_assistant_label	suggested_label	silver_label	heuristic_label	tfidf_label	modernbert_label	mpnet_label	issue_ledger_label	structured_label	assistant_evidence_span	assistant_notes
hChYEyebNm1__r03	ICLR 2023 random80 v1	unresolved	unresolved	3	We thank the reviewer for their comments and we would like to address the concerns. **I’m assuming things like theta are also trained end-to-end in equation (8). If so, this should be stated more explicitly.** The reviewer is correct, the proposed framework is trained end-to-end in a meta learning fashion. We have clarified this in the updated version of the paper. **For the “context” variant for example, does the...	User-confirmed single-pass standard validation; User confirmed ICLR 2023 random80 resolved candidate labels in Codex chat on 2026-04-29. source=resolved-label candidate reviewed by user; not an independent two-annotator IAA pass. Resolution action: keep_weak_unresolved. Resolution reason: Weak unresolved draft has insufficient concrete fix evidence for promotion.	314.800	label=unresolved; bucket=minority_unresolved; disagreement=1; audit_score=106.600	minority_unresolved	106.600	996.000	unresolved	unresolved			partially_fixed			unresolved			"{""sampling"": ""random_stratified"", ""disagreement_models"": [""tfidf""], ""source"": ""iclr2023_limit80_complete_subpool""}"
ejR4E1jaH9k__r03	ICLR 2023 random80 v1	unresolved	unresolved	3	We thank the reviewer for the feedback and address all concerns below. First we would like to clarify a crucial difference between weak MVI and MVI, since we believe there might be a misunderstanding. In the unconstrained case the conditions relates as follows: - $\langle {Fz-Fz', z-z'} \rangle \geq 0$ (monotone) - $\langle {Fz, z-z^\star} \rangle \geq 0$ (MVI) This relaxes the monotone condition by only requiring...	User-confirmed single-pass standard validation; User confirmed ICLR 2023 random80 resolved candidate labels in Codex chat on 2026-04-29. source=resolved-label candidate reviewed by user; not an independent two-annotator IAA pass. Resolution action: keep_weak_unresolved. Resolution reason: Weak unresolved draft has insufficient concrete fix evidence for promotion.	313.600	label=unresolved; bucket=minority_unresolved; disagreement=1; audit_score=106.200	minority_unresolved	106.200	992.000	unresolved	unresolved			partially_fixed			unresolved			"{""sampling"": ""random_stratified"", ""disagreement_models"": [""tfidf""], ""source"": ""iclr2023_limit80_complete_subpool""}"
1FsdIfRngtw__r01	ICLR 2023 random80 v1	unresolved	unresolved	3	We thank the reviewer for the valuable comments. Please find our response below: ## Remove the class token and compare their performance on the downstream tasks. We thank the reviewer for the comments about the similar results of various handcrafted prompts. We agree with this analysis. We compare various handcrafted prompts for zero-shot setting, where the {CLASS} token is the only information to distinguish...	User-confirmed single-pass standard validation; User confirmed ICLR 2023 random80 resolved candidate labels in Codex chat on 2026-04-29. source=resolved-label candidate reviewed by user; not an independent two-annotator IAA pass. Resolution action: keep_weak_unresolved. Resolution reason: Weak unresolved draft has insufficient concrete fix evidence for promotion.	312.700	label=unresolved; bucket=minority_unresolved; disagreement=1; audit_score=105.900	minority_unresolved	105.900	989.000	unresolved	unresolved			partially_fixed			unresolved			"{""sampling"": ""random_stratified"", ""disagreement_models"": [""tfidf""], ""source"": ""iclr2023_limit80_complete_subpool""}"
mhnHqRqcjYU__r03	ICLR 2023 random80 v1	unresolved	unresolved	3	Dear Reviewer gfw2, We thank you for your valuable feedback and that you find strength in our problem statement and methodology. We agree that this is an under-considered problem. We respond to your comments below. 1. **The proposed BGSC algorithm seems quite computationally expensive. While there is an analysis of the time complexity, it would be nice to also report the practical time taken to run the algorithm in...	User-confirmed single-pass standard validation; User confirmed ICLR 2023 random80 resolved candidate labels in Codex chat on 2026-04-29. source=resolved-label candidate reviewed by user; not an independent two-annotator IAA pass. Resolution action: keep_weak_unresolved. Resolution reason: Weak unresolved draft has insufficient concrete fix evidence for promotion.	311.500	label=unresolved; bucket=minority_unresolved; disagreement=1; audit_score=105.500	minority_unresolved	105.500	985.000	unresolved	unresolved			partially_fixed			unresolved			"{""sampling"": ""random_stratified"", ""disagreement_models"": [""tfidf""], ""source"": ""iclr2023_limit80_complete_subpool""}"
HqVp0rNC8jn__r01	ICLR 2023 random80 v1	unresolved	unresolved	3	We wish to thank the reviewer for the comments and the constructive criticism. We would like to comment on some of the points raised in the review. **It is unclear how the method generalizes to states without a shared geometric grounding between them, such as object properties.** Our work addresses the problem of extracting only the geometric position of the agent and the object. The applications we have in mind are...	User-confirmed single-pass standard validation; User confirmed ICLR 2023 random80 resolved candidate labels in Codex chat on 2026-04-29. source=resolved-label candidate reviewed by user; not an independent two-annotator IAA pass. Resolution action: keep_weak_unresolved. Resolution reason: Weak unresolved draft has insufficient concrete fix evidence for promotion.	311.200	label=unresolved; bucket=minority_unresolved; disagreement=1; audit_score=105.400	minority_unresolved	105.400	984.000	unresolved	unresolved			partially_fixed			unresolved			"{""sampling"": ""random_stratified"", ""disagreement_models"": [""tfidf""], ""source"": ""iclr2023_limit80_complete_subpool""}"
m3DmIL7wHDW__r04	ICLR 2023 random80 v1	unresolved	unresolved	3	Thank you for your review. **Comparison with AlphaZero**: We are well aware of the AlphaZero paper (Silver et al. 2017), and although we share some common principles with this algorithm, our approach is still based on significant differences that we tried to explain in Section 2: - First, AlphaZero is a model-free approach and relies on many system access steps (typically millions vs thousands in MBRL). It is...	User-confirmed single-pass standard validation; User confirmed ICLR 2023 random80 resolved candidate labels in Codex chat on 2026-04-29. source=resolved-label candidate reviewed by user; not an independent two-annotator IAA pass. Resolution action: keep_weak_unresolved. Resolution reason: Weak unresolved draft has insufficient concrete fix evidence for promotion.	309.100	label=unresolved; bucket=minority_unresolved; disagreement=1; audit_score=104.700	minority_unresolved	104.700	977.000	unresolved	unresolved			partially_fixed			unresolved			"{""sampling"": ""random_stratified"", ""disagreement_models"": [""tfidf""], ""source"": ""iclr2023_limit80_complete_subpool""}"
UPQualDj1oo__r02	ICLR 2023 random80 v1	unresolved	unresolved	3	8. [*I don’t see what it has to do with “being right for the right reasons.*] We do not think reasons can only be manifested by post-hoc model explanations, and we believe model explanations are not always good proxies of reasons. Intuitively, reasons used by an ML model are the features heavily relied on in their decision-making mechanisms. In our paper, we define reasons as a subset of important input features....	User-confirmed single-pass standard validation; User confirmed ICLR 2023 random80 resolved candidate labels in Codex chat on 2026-04-29. source=resolved-label candidate reviewed by user; not an independent two-annotator IAA pass. Resolution action: keep_weak_unresolved. Resolution reason: Weak unresolved draft has insufficient concrete fix evidence for promotion.	308.500	label=unresolved; bucket=minority_unresolved; disagreement=1; audit_score=104.500	minority_unresolved	104.500	975.000	unresolved	unresolved			partially_fixed			unresolved			"{""sampling"": ""random_stratified"", ""disagreement_models"": [""tfidf""], ""source"": ""iclr2023_limit80_complete_subpool""}"
ywAjQw-spmY__r02	ICLR 2023 random80 v1	unresolved	unresolved	3	We genuinely thank the reviewers for taking the time to review our submission and for their valuable suggestions on improving the paper's presentation. There are a few points, however, where we disagree with the assessment of our submission: 1) The datasets are unrepresentative of natural language: The datasets for regex and FOL are based on natural language snippets and standard datasets. Considering the...	User-confirmed single-pass standard validation; User confirmed ICLR 2023 random80 resolved candidate labels in Codex chat on 2026-04-29. source=resolved-label candidate reviewed by user; not an independent two-annotator IAA pass. Resolution action: keep_weak_unresolved. Resolution reason: Weak unresolved draft has insufficient concrete fix evidence for promotion.	308.200	label=unresolved; bucket=minority_unresolved; disagreement=1; audit_score=104.400	minority_unresolved	104.400	974.000	unresolved	unresolved			partially_fixed			unresolved			"{""sampling"": ""random_stratified"", ""disagreement_models"": [""tfidf""], ""source"": ""iclr2023_limit80_complete_subpool""}"
AqX3oSbzyQ1__r02	ICLR 2023 random80 v1	unresolved	unresolved	3	Thank you for the detailed review and insightful comments. **W1:** Soundness: while the idea of using Gaussian mixture models for clustering features is interesting, in practice the authors perform a very different operation according to algorithm 1. Even though it is claimed that the model performs expectation-maximization, from the algorithm it does not seem like it. Additionally, the slots are represented as...	User-confirmed single-pass standard validation; User confirmed ICLR 2023 random80 resolved candidate labels in Codex chat on 2026-04-29. source=resolved-label candidate reviewed by user; not an independent two-annotator IAA pass. Resolution action: keep_weak_unresolved. Resolution reason: Weak unresolved draft has insufficient concrete fix evidence for promotion.	306.100	label=unresolved; bucket=minority_unresolved; disagreement=1; audit_score=103.700	minority_unresolved	103.700	967.000	unresolved	unresolved			partially_fixed			unresolved			"{""sampling"": ""random_stratified"", ""disagreement_models"": [""tfidf""], ""source"": ""iclr2023_limit80_complete_subpool""}"
NOKUQ9JMohJ__r01	ICLR 2023 random80 v1	fixed	fixed	3	Thank you for your valuable comments, especially about the paper we do not discussed and the unseen states. We address your concerns accordingly and upload the rebuttal revision. Q1: The motivation for Assumption 1 R1: We agree that our assumption is much stronger than the weakly communicating assumption and the latter is more desirable. However, this problem is quite difficult, so we make assumption 1 for...	User-confirmed single-pass standard validation; User confirmed ICLR 2023 random80 resolved candidate labels in Codex chat on 2026-04-29. source=resolved-label candidate reviewed by user; not an independent two-annotator IAA pass. Resolution action: keep. Resolution reason: Draft label has sufficient support for review-stage use.	305.700	label=fixed; bucket=label_stratum; disagreement=0; audit_score=100.900	label_stratum	100.900	999.000	fixed	fixed			fixed			fixed			"{""sampling"": ""random_stratified"", ""disagreement_models"": [], ""source"": ""iclr2023_limit80_complete_subpool""}"
QN_VgTeOYGl__r02	ICLR 2023 random80 v1	fixed	fixed	3	Thank you for your time spent reviewing our paper and providing helpful feedback. Further, thank you for acknowledging our contribution of identifying the unique aspects of data leakage on tabular data; which we believe is an important feat for any inaugural work in a new setting. We also highly appreciate your acknowledgement of the good and easy-to-follow writing style, correctness, and the reproducibility of the...	User-confirmed single-pass standard validation; User confirmed ICLR 2023 random80 resolved candidate labels in Codex chat on 2026-04-29. source=resolved-label candidate reviewed by user; not an independent two-annotator IAA pass. Resolution action: keep. Resolution reason: Draft label has sufficient support for review-stage use.	305.400	label=fixed; bucket=label_stratum; disagreement=0; audit_score=100.800	label_stratum	100.800	998.000	fixed	fixed			fixed			fixed			"{""sampling"": ""random_stratified"", ""disagreement_models"": [], ""source"": ""iclr2023_limit80_complete_subpool""}"
8foynpwwRb__r02	ICLR 2023 random80 v1	unresolved	unresolved	3	`Q: The novelty of this paper is my only concern. The idea of applying SAM to a subset of parameters or iterations has been explored in several papers [Mi et al. 2022, Liu et al. 2022, Du et al. 2022]. For example, Liu et al. 2022 propose to only periodically calculate the inner gradient ascent across the training iterations; Liu et al. 2022 and Du et al. 2022 propose to select a subset of parameters to calculate...	User-confirmed single-pass standard validation; User confirmed ICLR 2023 random80 resolved candidate labels in Codex chat on 2026-04-29. source=resolved-label candidate reviewed by user; not an independent two-annotator IAA pass. Resolution action: keep_weak_unresolved. Resolution reason: Weak unresolved draft has insufficient concrete fix evidence for promotion.	304.900	label=unresolved; bucket=minority_unresolved; disagreement=1; audit_score=103.300	minority_unresolved	103.300	963.000	unresolved	unresolved			partially_fixed			unresolved			"{""sampling"": ""random_stratified"", ""disagreement_models"": [""tfidf""], ""source"": ""iclr2023_limit80_complete_subpool""}"
m3DmIL7wHDW__r03	ICLR 2023 random80 v1	unresolved	unresolved	3	Thank you for your review. **It is hard to see how performance on cartpole and acrobot relate at all to the motivating example of a telecommunications engineer; cartpole and acrobot do not seem to reflect the considerations listed in section 1**: We use Acrobot and Cartpole to show the performance of our method on well-known open sourced benchmarks on which we can compare to previous state-of-the-art results. The...	User-confirmed single-pass standard validation; User confirmed ICLR 2023 random80 resolved candidate labels in Codex chat on 2026-04-29. source=resolved-label candidate reviewed by user; not an independent two-annotator IAA pass. Resolution action: keep_weak_unresolved. Resolution reason: Weak unresolved draft has insufficient concrete fix evidence for promotion.	303.700	label=unresolved; bucket=minority_unresolved; disagreement=1; audit_score=102.900	minority_unresolved	102.900	959.000	unresolved	unresolved			partially_fixed			unresolved			"{""sampling"": ""random_stratified"", ""disagreement_models"": [""tfidf""], ""source"": ""iclr2023_limit80_complete_subpool""}"
o3Q4m8jg4BR__r03	ICLR 2023 random80 v1	fixed	fixed	3	We thank the reviewer for his very precise feedback and for correcting many details helping us to improve the overall quality of our work. We take particular care to address every point raised by the reviewer. We hope that this helps clarify our contribution, improving the readability of our work. In the following, we respond to every point raised by the reviewer. To address the concerns of the reviewer we will...	User-confirmed single-pass standard validation; User confirmed ICLR 2023 random80 resolved candidate labels in Codex chat on 2026-04-29. source=resolved-label candidate reviewed by user; not an independent two-annotator IAA pass. Resolution action: keep. Resolution reason: Draft label has sufficient support for review-stage use.	303.000	label=fixed; bucket=label_stratum; disagreement=0; audit_score=100.000	label_stratum	100.000	990.000	fixed	fixed			fixed			fixed			"{""sampling"": ""random_stratified"", ""disagreement_models"": [], ""source"": ""iclr2023_limit80_complete_subpool""}"
yqe0BZeN_xH__r03	ICLR 2023 random80 v1	unresolved	unresolved	3	Q1:. It seems that the paper claims its novelty as using Swin Transformer, however, Swin Transformer has been widely used in CV community, and simply adopting it as the backbone is not novel. A1: Actually, it is not easy to use the swin transformer to ZS3. There are at least three questions to get good reasonable and good results. (1) For the pixel-text feature aligning work, what the network should be modified? For...	User-confirmed single-pass standard validation; User confirmed ICLR 2023 random80 resolved candidate labels in Codex chat on 2026-04-29. source=resolved-label candidate reviewed by user; not an independent two-annotator IAA pass. Resolution action: keep_weak_unresolved. Resolution reason: Weak unresolved draft has insufficient concrete fix evidence for promotion.	302.200	label=unresolved; bucket=minority_unresolved; disagreement=1; audit_score=102.400	minority_unresolved	102.400	954.000	unresolved	unresolved			partially_fixed			unresolved			"{""sampling"": ""random_stratified"", ""disagreement_models"": [""tfidf""], ""source"": ""iclr2023_limit80_complete_subpool""}"
yqe0BZeN_xH__r02	ICLR 2023 random80 v1	unresolved	unresolved	3	Q1: The structure of Language Encoder. A1: The Language Encoder which we use in paper is just an MLP layer. We have add this explanation on our paper. Thanks for your advice! Q2: There are many problems with the layout and writing of the article. For example, there is incorrect capitalization in the first line of section 3.1 and missing spaces in line 4. There is confusion about the case of symbols in section 3.4....	User-confirmed single-pass standard validation; User confirmed ICLR 2023 random80 resolved candidate labels in Codex chat on 2026-04-29. source=resolved-label candidate reviewed by user; not an independent two-annotator IAA pass. Resolution action: keep_weak_unresolved. Resolution reason: Weak unresolved draft has insufficient concrete fix evidence for promotion.	301.900	label=unresolved; bucket=minority_unresolved; disagreement=1; audit_score=102.300	minority_unresolved	102.300	953.000	unresolved	unresolved			partially_fixed			unresolved			"{""sampling"": ""random_stratified"", ""disagreement_models"": [""tfidf""], ""source"": ""iclr2023_limit80_complete_subpool""}"
6iEoTr-jeB7__r03	ICLR 2023 random80 v1	unresolved	unresolved	3	We thank the reviewer for providing valuable feedback to improve the work. We will address concerns and questions from the reviewer, and answer them individually. 1. Discuss the limitation on continuous normalizing flows and the roadmap for scaling up to high-dimensional datasets like ImageNet or FFHQ: As the reviewer pointed out, CNF faces some difficulties in general to scale up for high-dimensional data due to...	User-confirmed single-pass standard validation; User confirmed ICLR 2023 random80 resolved candidate labels in Codex chat on 2026-04-29. source=resolved-label candidate reviewed by user; not an independent two-annotator IAA pass. Resolution action: keep_weak_unresolved. Resolution reason: Weak unresolved draft has insufficient concrete fix evidence for promotion.	301.600	label=unresolved; bucket=minority_unresolved; disagreement=1; audit_score=102.200	minority_unresolved	102.200	952.000	unresolved	unresolved			partially_fixed			unresolved			"{""sampling"": ""random_stratified"", ""disagreement_models"": [""tfidf""], ""source"": ""iclr2023_limit80_complete_subpool""}"
ywAjQw-spmY__r03	ICLR 2023 random80 v1	partially_fixed	partially_fixed	3	We genuinely thank the reviewers for taking the time to review our submission and for their valuable suggestions on improving the paper's presentation. There are a few points, however, where we disagree with the assessment of our submission: 1) The datasets are unrepresentative of natural language: The datasets for regex and FOL are based on natural language snippets and standard datasets. Considering the...	User-confirmed single-pass standard validation; User confirmed ICLR 2023 random80 resolved candidate labels in Codex chat on 2026-04-29. source=resolved-label candidate reviewed by user; not an independent two-annotator IAA pass. Resolution action: keep. Resolution reason: Draft label has sufficient support for review-stage use.	301.100	label=partially_fixed; bucket=label_stratum; disagreement=0; audit_score=100.700	label_stratum	100.700	997.000	partially_fixed	partially_fixed			partially_fixed			partially_fixed			"{""sampling"": ""random_stratified"", ""disagreement_models"": [], ""source"": ""iclr2023_limit80_complete_subpool""}"
-UsbRlXzMG__r02	ICLR 2023 random80 v1	partially_fixed	partially_fixed	3	Thank you for your comments. > I think the paper would be much stronger if the metrics were validated using some human analysis. For example, can you select some groups and show that humans find the representation score appropriate? Moreover, can you select 10-100 samples that are both analyzed by humans and the automated scores and show that the scores match the human evaluation? We designed our scores in such a...	User-confirmed single-pass standard validation; User confirmed ICLR 2023 random80 resolved candidate labels in Codex chat on 2026-04-29. source=resolved-label candidate reviewed by user; not an independent two-annotator IAA pass. Resolution action: keep. Resolution reason: Draft label has sufficient support for review-stage use.	300.500	label=partially_fixed; bucket=label_stratum; disagreement=0; audit_score=100.500	label_stratum	100.500	995.000	partially_fixed	partially_fixed			partially_fixed			partially_fixed			"{""sampling"": ""random_stratified"", ""disagreement_models"": [], ""source"": ""iclr2023_limit80_complete_subpool""}"
ejR4E1jaH9k__r02	ICLR 2023 random80 v1	unresolved	unresolved	3	We thank the reviewer for a very thorough and positive review. We address all comments below. Main concerns: - **Contribution is important even in the monotone case** We thank the reviewer for bringing this to our attention. We have added more accurate context under related work (Section 2) and clarified this additional contribution in the introduction. - **Motivation for metric in constrained case** In the...	User-confirmed single-pass standard validation; User confirmed ICLR 2023 random80 resolved candidate labels in Codex chat on 2026-04-29. source=resolved-label candidate reviewed by user; not an independent two-annotator IAA pass. Resolution action: keep_weak_unresolved. Resolution reason: Weak unresolved draft has insufficient concrete fix evidence for promotion.	300.400	label=unresolved; bucket=minority_unresolved; disagreement=1; audit_score=101.800	minority_unresolved	101.800	948.000	unresolved	unresolved			partially_fixed			unresolved			"{""sampling"": ""random_stratified"", ""disagreement_models"": [""tfidf""], ""source"": ""iclr2023_limit80_complete_subpool""}"
gNI4_85Cyve__r03	ICLR 2023 random80 v1	partially_fixed	partially_fixed	3	Thank you very much for your helpful review. We are glad you find our paper to be interesting, well-written, and easy to follow, and recognize our innovation in adopting question-answering for the challenging ID classification task together with our use of Intent names for extra supervision signals. We are happy you think that our experiments are detailed, interesting, and insightful, especially the result that...	User-confirmed single-pass standard validation; User confirmed ICLR 2023 random80 resolved candidate labels in Codex chat on 2026-04-29. source=resolved-label candidate reviewed by user; not an independent two-annotator IAA pass. Resolution action: keep. Resolution reason: Draft label has sufficient support for review-stage use.	300.200	label=partially_fixed; bucket=label_stratum; disagreement=0; audit_score=100.400	label_stratum	100.400	994.000	partially_fixed	partially_fixed			partially_fixed			partially_fixed			"{""sampling"": ""random_stratified"", ""disagreement_models"": [], ""source"": ""iclr2023_limit80_complete_subpool""}"
oJpVVGXu9i__r04	ICLR 2023 random80 v1	partially_fixed	partially_fixed	3	> Corollary 5.1 is not solid. It claims a lower bound but we only have an upper bound for the utility in Theorem 5.1. This can be revised and needs to be corrected. We apologize for the confusion caused by Corollary 5.1. We are **not** establishing a lower bound on the DP budget $\epsilon_{dp}$. Instead, Corollary 5.1 states that CENTUAR outputs a solution that **provably** achieves an $\epsilon_a$ utility within an...	User-confirmed single-pass standard validation; User confirmed ICLR 2023 random80 resolved candidate labels in Codex chat on 2026-04-29. source=resolved-label candidate reviewed by user; not an independent two-annotator IAA pass. Resolution action: keep. Resolution reason: Draft label has sufficient support for review-stage use.	299.900	label=partially_fixed; bucket=label_stratum; disagreement=0; audit_score=100.300	label_stratum	100.300	993.000	partially_fixed	partially_fixed			partially_fixed			partially_fixed			"{""sampling"": ""random_stratified"", ""disagreement_models"": [], ""source"": ""iclr2023_limit80_complete_subpool""}"
x-mXzBgCX3a__r03	ICLR 2023 random80 v1	partially_fixed	partially_fixed	3	We thank the reviewers for taking the time to review our work and for the thoughtful constructive feedback that helped us to revise our paper according to recommendations and criticisms. We are very glad that all reviewers found our paper well written and well motivated. Additionally, reviewers pointed out the strong formalization of our proposed framework (Reviewer MVBV) or the soundness of our solution (Reviewer...	User-confirmed single-pass standard validation; User confirmed ICLR 2023 random80 resolved candidate labels in Codex chat on 2026-04-29. source=resolved-label candidate reviewed by user; not an independent two-annotator IAA pass. Resolution action: keep. Resolution reason: Draft label has sufficient support for review-stage use.	299.300	label=partially_fixed; bucket=label_stratum; disagreement=0; audit_score=100.100	label_stratum	100.100	991.000	partially_fixed	partially_fixed			partially_fixed			partially_fixed			"{""sampling"": ""random_stratified"", ""disagreement_models"": [], ""source"": ""iclr2023_limit80_complete_subpool""}"
17RDXeF-skZ__r02	ICLR 2023 random80 v1	unresolved	unresolved	3	First of all, we would like to thank you for your kind words about the quality and presentation of our paper. We have taken care and effort to ensure that our method and experimental results are technically sound and clearly presented, as you noted in your review. We would like to address each of the points or questions that you raised below. **We have added new experimental results where relevant to back up our...	User-confirmed single-pass standard validation; User confirmed ICLR 2023 random80 resolved candidate labels in Codex chat on 2026-04-29. source=resolved-label candidate reviewed by user; not an independent two-annotator IAA pass. Resolution action: keep_weak_unresolved. Resolution reason: Weak unresolved draft has insufficient concrete fix evidence for promotion.	298.900	label=unresolved; bucket=minority_unresolved; disagreement=1; audit_score=101.300	minority_unresolved	101.300	943.000	unresolved	unresolved			partially_fixed			unresolved			"{""sampling"": ""random_stratified"", ""disagreement_models"": [""tfidf""], ""source"": ""iclr2023_limit80_complete_subpool""}"
x-mXzBgCX3a__r02	ICLR 2023 random80 v1	partially_fixed	partially_fixed	3	We thank the reviewers for taking the time to review our work and for the thoughtful constructive feedback that helped us to revise our paper according to recommendations and criticisms. We are very glad that all reviewers found our paper well written and well motivated. Additionally, reviewers pointed out the strong formalization of our proposed framework (Reviewer MVBV) or the soundness of our solution (Reviewer...	User-confirmed single-pass standard validation; User confirmed ICLR 2023 random80 resolved candidate labels in Codex chat on 2026-04-29. source=resolved-label candidate reviewed by user; not an independent two-annotator IAA pass. Resolution action: keep. Resolution reason: Draft label has sufficient support for review-stage use.	298.400	label=partially_fixed; bucket=label_stratum; disagreement=0; audit_score=99.800	label_stratum	99.800	988.000	partially_fixed	partially_fixed			partially_fixed			partially_fixed			"{""sampling"": ""random_stratified"", ""disagreement_models"": [], ""source"": ""iclr2023_limit80_complete_subpool""}"
BO5_Lm7iD___r03	ICLR 2023 random80 v1	unresolved	unresolved	3	We agree with the reviewer that, when employing computational models to reproduce human behaviors, one needs to emphasize how artificial and human agents differ in the ways they learn and communicate. We would like to note however that, compared to previous computational studies where an agent maintained a belief (a value between 0 and 1) and adopted the belief of the majority in its neighborhood, our computational...	User-confirmed single-pass standard validation; User confirmed ICLR 2023 random80 resolved candidate labels in Codex chat on 2026-04-29. source=resolved-label candidate reviewed by user; not an independent two-annotator IAA pass. Resolution action: keep_weak_unresolved. Resolution reason: Weak unresolved draft has insufficient concrete fix evidence for promotion.	298.300	label=unresolved; bucket=minority_unresolved; disagreement=1; audit_score=101.100	minority_unresolved	101.100	941.000	unresolved	unresolved			partially_fixed			unresolved			"{""sampling"": ""random_stratified"", ""disagreement_models"": [""tfidf""], ""source"": ""iclr2023_limit80_complete_subpool""}"
17RDXeF-skZ__r03	ICLR 2023 random80 v1	partially_fixed	partially_fixed	3	_**(4)** The model has a few possible variations: being sequential/joint, which is addressed by results in table 2. However, the two proposed loss components are not further studied beyond the hyperparameter comments on the appendices._ In light of your concern, we include additional experimental results below, where we ablate for the two terms in Equation (7) of our paper. | Acc. on ColoredMNIST | Training...	User-confirmed single-pass standard validation; User confirmed ICLR 2023 random80 resolved candidate labels in Codex chat on 2026-04-29. source=resolved-label candidate reviewed by user; not an independent two-annotator IAA pass. Resolution action: keep. Resolution reason: Draft label has sufficient support for review-stage use.	298.100	label=partially_fixed; bucket=label_stratum; disagreement=0; audit_score=99.700	label_stratum	99.700	987.000	partially_fixed	partially_fixed			partially_fixed			partially_fixed			"{""sampling"": ""random_stratified"", ""disagreement_models"": [], ""source"": ""iclr2023_limit80_complete_subpool""}"
tmIiMPl4IPa__r04	ICLR 2023 random80 v1	partially_fixed	partially_fixed	3	Thank you for the feedback on Figure A.3 in the Appendix. > A.3 is not self-contained The heatmaps in this figure represent the surface of a torus mapped onto a 2D grid. The color in the heat maps represents the vorticity (the spinning motion) of the fluid on the torus. We will add these details to the figure caption. > Why F-FNO 128X128 is correlated to DNS 2048X2048, not to DNS 128X128? DNS 2048x2048 is treated as...	User-confirmed single-pass standard validation; User confirmed ICLR 2023 random80 resolved candidate labels in Codex chat on 2026-04-29. source=resolved-label candidate reviewed by user; not an independent two-annotator IAA pass. Resolution action: keep. Resolution reason: Draft label has sufficient support for review-stage use.	297.800	label=partially_fixed; bucket=label_stratum; disagreement=0; audit_score=99.600	label_stratum	99.600	986.000	partially_fixed	partially_fixed			partially_fixed			partially_fixed			"{""sampling"": ""random_stratified"", ""disagreement_models"": [], ""source"": ""iclr2023_limit80_complete_subpool""}"
N3kGYG3ZcTi__r02	ICLR 2023 random80 v1	unresolved	unresolved	3	Thank you for your time and valuable comments. Idea comes shortly before the initial submission, and we try to present the preliminary results for other researchers. Our paper is about lateral inhibition inspired structure. We have obtained the code from authors of [1] (ICLR 2022), according to some reviewers' opinion, and outperform related methods by a large margin. - **The authors claim some gain in their...	User-confirmed single-pass standard validation; User confirmed ICLR 2023 random80 resolved candidate labels in Codex chat on 2026-04-29. source=resolved-label candidate reviewed by user; not an independent two-annotator IAA pass. Resolution action: keep_weak_unresolved. Resolution reason: Weak unresolved draft has insufficient concrete fix evidence for promotion.	297.700	label=unresolved; bucket=minority_unresolved; disagreement=1; audit_score=100.900	minority_unresolved	100.900	939.000	unresolved	unresolved			partially_fixed			unresolved			"{""sampling"": ""random_stratified"", ""disagreement_models"": [""tfidf""], ""source"": ""iclr2023_limit80_complete_subpool""}"
8Ygoj2IeXfW__r03	ICLR 2023 random80 v1	unresolved	unresolved	3	Dear reviewer 3y4o, Thank you sincerely for your time and efforts in reviewing our paper and comprehensive and valuable comments. Please kindly find our responses to your raised questions below. We hope our response can address your concerns. >### 1. Some of the design decisions are not very clearly motivated and not ablated, in particular the use of invDANN & Methodologically, it wasn't clear to me why we need to...	User-confirmed single-pass standard validation; User confirmed ICLR 2023 random80 resolved candidate labels in Codex chat on 2026-04-29. source=resolved-label candidate reviewed by user; not an independent two-annotator IAA pass. Resolution action: keep_weak_unresolved. Resolution reason: Weak unresolved draft has insufficient concrete fix evidence for promotion.	297.400	label=unresolved; bucket=minority_unresolved; disagreement=1; audit_score=100.800	minority_unresolved	100.800	938.000	unresolved	unresolved			partially_fixed			unresolved			"{""sampling"": ""random_stratified"", ""disagreement_models"": [""tfidf""], ""source"": ""iclr2023_limit80_complete_subpool""}"
tPKKXeW33YU__r03	ICLR 2023 random80 v1	unresolved	unresolved	3	We thank reviewer oi9G for providing a thorough review of our paper. Overall, we are glad that the reviewers generally find the problem/method novel (sfBb, oi9G, YoPQ, emnY), the paper clearly written (sfBb, oi9G, emnY), and accompanied with good evaluation results (sfBb, oi9G, emnY). We equally appreciate the concerns and suggestions raised by reviewers, which we try to address here and by revising the paper...	User-confirmed single-pass standard validation; User confirmed ICLR 2023 random80 resolved candidate labels in Codex chat on 2026-04-29. source=resolved-label candidate reviewed by user; not an independent two-annotator IAA pass. Resolution action: keep_weak_unresolved. Resolution reason: Weak unresolved draft has insufficient concrete fix evidence for promotion.	297.100	label=unresolved; bucket=minority_unresolved; disagreement=1; audit_score=100.700	minority_unresolved	100.700	937.000	unresolved	unresolved			partially_fixed			unresolved			"{""sampling"": ""random_stratified"", ""disagreement_models"": [""tfidf""], ""source"": ""iclr2023_limit80_complete_subpool""}"
7YfHla7IxBJ__r02	ICLR 2023 random80 v1	partially_fixed	partially_fixed	3	(Empirical Gap). In Section B.2, we have conducted a synthetic experiment to evaluate the performance of linear RNNs when there is nonlinearity in the data. We first generate the data by using a two-layer nonlinear RNN model where the first layer has the form of $$ \mathbf{z}_t = \alpha \mathbf{g}_t + (1-\alpha) \mathbf{h}_t \hspace{3mm}\text{with}\hspace{3mm} \mathbf{h}_t = \mathbf{W}_h \mathbf{z}\_{t-1} +...	User-confirmed single-pass standard validation; User confirmed ICLR 2023 random80 resolved candidate labels in Codex chat on 2026-04-29. source=resolved-label candidate reviewed by user; not an independent two-annotator IAA pass. Resolution action: keep. Resolution reason: Draft label has sufficient support for review-stage use.	296.900	label=partially_fixed; bucket=label_stratum; disagreement=0; audit_score=99.300	label_stratum	99.300	983.000	partially_fixed	partially_fixed			partially_fixed			partially_fixed			"{""sampling"": ""random_stratified"", ""disagreement_models"": [], ""source"": ""iclr2023_limit80_complete_subpool""}"
pW_jGk1D_Ww__r03	ICLR 2023 random80 v1	partially_fixed	partially_fixed	3	We thank the reviewer for the positive feedback. We respond to each of your comments as follows. **Q1) Motivation in Section 3.1 is not convincing for me. The correlation between AFA and ABA seems trivial, because both values are determined by the scale of network output. The affine parameters of batchnorm determine the scale of activation scale, so AFA and ABA may be determined by those affine parameters. For...	User-confirmed single-pass standard validation; User confirmed ICLR 2023 random80 resolved candidate labels in Codex chat on 2026-04-29. source=resolved-label candidate reviewed by user; not an independent two-annotator IAA pass. Resolution action: keep. Resolution reason: Draft label has sufficient support for review-stage use.	296.600	label=partially_fixed; bucket=label_stratum; disagreement=0; audit_score=99.200	label_stratum	99.200	982.000	partially_fixed	partially_fixed			partially_fixed			partially_fixed			"{""sampling"": ""random_stratified"", ""disagreement_models"": [], ""source"": ""iclr2023_limit80_complete_subpool""}"
QN_VgTeOYGl__r03	ICLR 2023 random80 v1	fixed	fixed	3	First of all, we would like to sincerely thank you for your extensive and detailed review. We highly appreciate your inputs, and believe they helped increase the quality of our paper. Further, we are glad that you recognised the simplicity and the portability of our method; we believe that this aspect of TabLeak highlights the high vulnerability of FL on tabular data. We are also thankful for your recognition of the...	User-confirmed single-pass standard validation; User confirmed ICLR 2023 random80 resolved candidate labels in Codex chat on 2026-04-29. source=resolved-label candidate reviewed by user; not an independent two-annotator IAA pass. Resolution action: keep. Resolution reason: Draft label has sufficient support for review-stage use.	296.400	label=fixed; bucket=label_stratum; disagreement=0; audit_score=97.800	label_stratum	97.800	968.000	fixed	fixed			fixed			fixed			"{""sampling"": ""random_stratified"", ""disagreement_models"": [], ""source"": ""iclr2023_limit80_complete_subpool""}"
me09xlTmm8__r03	ICLR 2023 random80 v1	partially_fixed	partially_fixed	3	We thank the reviewer for their comments on the manuscript and their supportive remarks on its applicability and experimental results. We summarize how we have addressed the issues raised in the review below. > Clarity The main concerns relate to the clarity of the manuscript. We now provide additional material on differential resampling in a new section in the appendix (App. D), and for a comprehensive introduction...	User-confirmed single-pass standard validation; User confirmed ICLR 2023 random80 resolved candidate labels in Codex chat on 2026-04-29. source=resolved-label candidate reviewed by user; not an independent two-annotator IAA pass. Resolution action: keep. Resolution reason: Draft label has sufficient support for review-stage use.	296.300	label=partially_fixed; bucket=label_stratum; disagreement=0; audit_score=99.100	label_stratum	99.100	981.000	partially_fixed	partially_fixed			partially_fixed			partially_fixed			"{""sampling"": ""random_stratified"", ""disagreement_models"": [], ""source"": ""iclr2023_limit80_complete_subpool""}"
tmIiMPl4IPa__r03	ICLR 2023 random80 v1	unresolved	unresolved	3	> (1) The main idea (of treating each dimension independently) is only testing for ONE family of PDEs and that too in just two dimensions. It is hard to know if factorizing will always perform better. For example, one scenario where it might not is for PDEs that have cross terms involving derivatives w.r.t different dimensions. Thank you for the opportunity to clarify. F-FNO is applied to three different PDEs and on...	User-confirmed single-pass standard validation; User confirmed ICLR 2023 random80 resolved candidate labels in Codex chat on 2026-04-29. source=resolved-label candidate reviewed by user; not an independent two-annotator IAA pass. Resolution action: keep_weak_unresolved. Resolution reason: Weak unresolved draft has insufficient concrete fix evidence for promotion.	296.200	label=unresolved; bucket=minority_unresolved; disagreement=1; audit_score=100.400	minority_unresolved	100.400	934.000	unresolved	unresolved			partially_fixed			unresolved			"{""sampling"": ""random_stratified"", ""disagreement_models"": [""tfidf""], ""source"": ""iclr2023_limit80_complete_subpool""}"
Y1J29OryQg__r01	ICLR 2023 random80 v1	partially_fixed	partially_fixed	3	"Thank you for your careful and detailed comments. We have polished the paper for a clearer statement. Q1: Abstract: ""our causal KGC models achieve better performance than traditional KGC models""-on what inputs? A1: We have modified it to “Our causal KGC models achieve better performance than traditional KGC models on three benchmark datasets.”. Q2: Introduction: ""the world is driven by causality rather than..."	User-confirmed single-pass standard validation; User confirmed ICLR 2023 random80 resolved candidate labels in Codex chat on 2026-04-29. source=resolved-label candidate reviewed by user; not an independent two-annotator IAA pass. Resolution action: keep. Resolution reason: Draft label has sufficient support for review-stage use.	296.000	label=partially_fixed; bucket=label_stratum; disagreement=0; audit_score=99.000	label_stratum	99.000	980.000	partially_fixed	partially_fixed			partially_fixed			partially_fixed			"{""sampling"": ""random_stratified"", ""disagreement_models"": [], ""source"": ""iclr2023_limit80_complete_subpool""}"
TZG_XsO4x6y__r01	ICLR 2023 random80 v1	partially_fixed	partially_fixed	3	--- **Q:** *It would be interesting to benchmark against a deterministic video prediction method in Table 1 to see if the considered datasets are sufficiently stochastic to warrant modeling of stochasticity.* **A:** We really like this suggestion; however, regretfully, we did not have enough time to implement this idea. --- **Q:** *Is there a way to report a measure of statistic significance of the proposed method's...	User-confirmed single-pass standard validation; User confirmed ICLR 2023 random80 resolved candidate labels in Codex chat on 2026-04-29. source=resolved-label candidate reviewed by user; not an independent two-annotator IAA pass. Resolution action: keep. Resolution reason: Draft label has sufficient support for review-stage use.	295.700	label=partially_fixed; bucket=label_stratum; disagreement=0; audit_score=98.900	label_stratum	98.900	979.000	partially_fixed	partially_fixed			partially_fixed			partially_fixed			"{""sampling"": ""random_stratified"", ""disagreement_models"": [], ""source"": ""iclr2023_limit80_complete_subpool""}"
Rn50hCOX9XX__r04	ICLR 2023 random80 v1	unresolved	unresolved	3	We thank the reviewer for his comments. In the revised manuscript, we have rewritten the methods section of the manuscript and modified Figure 1 to improve the clarity, and hope that the reviewer will find the connection between various subcomponents more clearly explained now. We agree with the reviewer’s point that it can be difficult to trust the annotations in databases. For certain species, GENCODE allows us to...	User-confirmed single-pass standard validation; User confirmed ICLR 2023 random80 resolved candidate labels in Codex chat on 2026-04-29. source=resolved-label candidate reviewed by user; not an independent two-annotator IAA pass. Resolution action: keep_weak_unresolved. Resolution reason: Weak unresolved draft has insufficient concrete fix evidence for promotion.	295.600	label=unresolved; bucket=minority_unresolved; disagreement=1; audit_score=100.200	minority_unresolved	100.200	932.000	unresolved	unresolved			partially_fixed			unresolved			"{""sampling"": ""random_stratified"", ""disagreement_models"": [""tfidf""], ""source"": ""iclr2023_limit80_complete_subpool""}"
cZM4iZmxzR7__r01	ICLR 2023 random80 v1	partially_fixed	partially_fixed	3	Thank you for pointing out interesting works. We of course will cite them accordingly. Kindly notice that the above two works are **supervised graph networks** (as far as we understand them correctly) while **we work with the family of unsupervised linear graph networks** which compete with **unsupervised and self-supervised graph representations** rather than fully-supervised networks (completely different working...	User-confirmed single-pass standard validation; User confirmed ICLR 2023 random80 resolved candidate labels in Codex chat on 2026-04-29. source=resolved-label candidate reviewed by user; not an independent two-annotator IAA pass. Resolution action: keep. Resolution reason: Draft label has sufficient support for review-stage use.	295.400	label=partially_fixed; bucket=label_stratum; disagreement=0; audit_score=98.800	label_stratum	98.800	978.000	partially_fixed	partially_fixed			partially_fixed			partially_fixed			"{""sampling"": ""random_stratified"", ""disagreement_models"": [], ""source"": ""iclr2023_limit80_complete_subpool""}"
tPKKXeW33YU__r01	ICLR 2023 random80 v1	unresolved	unresolved	3	We thank the reviewer emnY for the constructive feedback despite the paper being out of domain expertise. Overall, we are glad that the reviewers generally find the problem/method novel (sfBb, oi9G, YoPQ, emnY), the paper clearly written (sfBb, oi9G, emnY), and accompanied with good evaluation results (sfBb, oi9G, emnY). We equally appreciate the concerns and suggestions raised by reviewers, which we try to address...	User-confirmed single-pass standard validation; User confirmed ICLR 2023 random80 resolved candidate labels in Codex chat on 2026-04-29. source=resolved-label candidate reviewed by user; not an independent two-annotator IAA pass. Resolution action: keep_weak_unresolved. Resolution reason: Weak unresolved draft has insufficient concrete fix evidence for promotion.	295.300	label=unresolved; bucket=minority_unresolved; disagreement=1; audit_score=100.100	minority_unresolved	100.100	931.000	unresolved	unresolved			partially_fixed			unresolved			"{""sampling"": ""random_stratified"", ""disagreement_models"": [""tfidf""], ""source"": ""iclr2023_limit80_complete_subpool""}"
3uDXZZLBAwd__r01	ICLR 2023 random80 v1	partially_fixed	partially_fixed	3	Thank you very much for your time in reviewing this paper. Please find below our responses. Comment 1: The presentation of this paper is not good. Readers cannot quickly get the main contributions and novelties. Response: We have taken this into great consideration and rewritten several parts to make it concise and informative at the same time. Comment 2: The novelty of this paper is limited. All the key concepts...	User-confirmed single-pass standard validation; User confirmed ICLR 2023 random80 resolved candidate labels in Codex chat on 2026-04-29. source=resolved-label candidate reviewed by user; not an independent two-annotator IAA pass. Resolution action: keep. Resolution reason: Draft label has sufficient support for review-stage use.	294.800	label=partially_fixed; bucket=label_stratum; disagreement=0; audit_score=98.600	label_stratum	98.600	976.000	partially_fixed	partially_fixed			partially_fixed			partially_fixed			"{""sampling"": ""random_stratified"", ""disagreement_models"": [], ""source"": ""iclr2023_limit80_complete_subpool""}"
8Ygoj2IeXfW__r02	ICLR 2023 random80 v1	unresolved	unresolved	3	Dear reviewer eKSv, Thanks for your time and efforts in reviewing our paper. We have uploaded the new version of paper and here is our detailed response below. We hope our response can address your concerns: >### 1. The statement “spurious correlations essentially result from imbalance data” is not entirely true. The spurious correlations result from the existence of anti-causal paths. You could have the same data...	User-confirmed single-pass standard validation; User confirmed ICLR 2023 random80 resolved candidate labels in Codex chat on 2026-04-29. source=resolved-label candidate reviewed by user; not an independent two-annotator IAA pass. Resolution action: keep_weak_unresolved. Resolution reason: Weak unresolved draft has insufficient concrete fix evidence for promotion.	294.700	label=unresolved; bucket=minority_unresolved; disagreement=1; audit_score=99.900	minority_unresolved	99.900	929.000	unresolved	unresolved			partially_fixed			unresolved			"{""sampling"": ""random_stratified"", ""disagreement_models"": [""tfidf""], ""source"": ""iclr2023_limit80_complete_subpool""}"
9D5FH6LFbRu__r03	ICLR 2023 random80 v1	unresolved	unresolved	3	Thank you for the detailed review and your praise for the novelty and potential impact of our work! Note that the general review addresses many of your concerns with newer experiments and clarifications on scalability. We address your other concerns here. > [Weakness 1] Equations 7 and 8 seem to be the core algorithmic contribution of the paper, but they are never formally derived Up to equation 6, things are...	User-confirmed single-pass standard validation; User confirmed ICLR 2023 random80 resolved candidate labels in Codex chat on 2026-04-29. source=resolved-label candidate reviewed by user; not an independent two-annotator IAA pass. Resolution action: keep_weak_unresolved. Resolution reason: Weak unresolved draft has insufficient concrete fix evidence for promotion.	294.100	label=unresolved; bucket=minority_unresolved; disagreement=1; audit_score=99.700	minority_unresolved	99.700	927.000	unresolved	unresolved			partially_fixed			unresolved			"{""sampling"": ""random_stratified"", ""disagreement_models"": [""tfidf""], ""source"": ""iclr2023_limit80_complete_subpool""}"
r9fX833CsuN__r02	ICLR 2023 random80 v1	partially_fixed	partially_fixed	3	We sincerely thank the reviewer for the positive feedback and appreciation of our approach’s novelty and significance. We hope to provide clarification to address the concerned issues. For the convenience of the reviewer, we reiterate the comments below. >**[Q1]** _The study can benefit from an ablation of the choice of using an NCA architecture for the design policy._ **[A1]** Thanks for your suggestion. We have...	User-confirmed single-pass standard validation; User confirmed ICLR 2023 random80 resolved candidate labels in Codex chat on 2026-04-29. source=resolved-label candidate reviewed by user; not an independent two-annotator IAA pass. Resolution action: keep. Resolution reason: Draft label has sufficient support for review-stage use.	293.900	label=partially_fixed; bucket=label_stratum; disagreement=0; audit_score=98.300	label_stratum	98.300	973.000	partially_fixed	partially_fixed			partially_fixed			partially_fixed			"{""sampling"": ""random_stratified"", ""disagreement_models"": [], ""source"": ""iclr2023_limit80_complete_subpool""}"
vzdrgR2nomD__r04	ICLR 2023 random80 v1	partially_fixed	partially_fixed	3	We thank the reviewer for their valuable comments. We provide our responses below. **Q1: Are the novelty claims in the paper justified, given the works of Donini et al. (2018), Tan et al. (2020), Grünewälder et al. (2021)?** Yes, we believe our novelty claims are justified. The work of Donini et al. (2018) does not fall into the category of fair representation learning as it is an in-processing method, similarly as...	User-confirmed single-pass standard validation; User confirmed ICLR 2023 random80 resolved candidate labels in Codex chat on 2026-04-29. source=resolved-label candidate reviewed by user; not an independent two-annotator IAA pass. Resolution action: keep. Resolution reason: Draft label has sufficient support for review-stage use.	293.600	label=partially_fixed; bucket=label_stratum; disagreement=0; audit_score=98.200	label_stratum	98.200	972.000	partially_fixed	partially_fixed			partially_fixed			partially_fixed			"{""sampling"": ""random_stratified"", ""disagreement_models"": [], ""source"": ""iclr2023_limit80_complete_subpool""}"
o3Q4m8jg4BR__r02	ICLR 2023 random80 v1	fixed	fixed	3	We thank the reviewer for the insightful comments. We tried to resolve most of the concerns of the reviewer and truly believe that, among others, the suggested additional experiments on more complex tasks enhance the quality of our paper. We appreciate the time and effort put in by the reviewer. > The proposed method is evaluated on the MuJoCo benchmarks, but they are relatively easy for modern IRL methods. It is...	User-confirmed single-pass standard validation; User confirmed ICLR 2023 random80 resolved candidate labels in Codex chat on 2026-04-29. source=resolved-label candidate reviewed by user; not an independent two-annotator IAA pass. Resolution action: keep. Resolution reason: Draft label has sufficient support for review-stage use.	289.500	label=fixed; bucket=label_stratum; disagreement=0; audit_score=95.500	label_stratum	95.500	945.000	fixed	fixed			fixed			fixed			"{""sampling"": ""random_stratified"", ""disagreement_models"": [], ""source"": ""iclr2023_limit80_complete_subpool""}"
VNMJfBBUd5__r04	ICLR 2025 expanded80 v1	regressed	regressed	4	Dear Reviewer AHKK, We are truly thankful for the reviewer’s positive feedback. **Q1. The reason for using $\arccos$ in Eq.(2), while employing $\cos$ in Eq.(3) and Eq.(4).** **R1:** Thank you! We explain the reason for the definition of Gradient Circular Distribution (GCD) and various metrics. * **Equivalence from a computational perspective:** From a mathematical standpoint, Eq.(3) and (4) indeed directly compute...	"User-confirmed standard expanded80 validation on 2026-04-26; source=user-reviewed expanded80 assistant-adjudication draft; not an independent two-annotator IAA pass. Evidence source: aligned_response_excerpt. Source adjudication note: {""audit_bucket"": ""minority_regressed"", ""evidence_source"": ""aligned_response_excerpt"", ""model_labels"": {""issue_ledger"": ""regressed"", ""modernbert"": ""fixed"", ""mpnet"": ""regressed"", ""structured"": ""fixed"", ""tfidf"": ""partially_fixed""}, ""not_human_validated"": true, ""provenance"": ""provisional_assistant_adjudication_from_expanded80_frontier"", ""suggested_label"": ""regressed""}"	48.010	label=regressed; bucket=minority_regressed; disagreement=2; audit_score=26.670	minority_regressed	26.670	16.700	regressed	regressed			partially_fixed	fixed	regressed	regressed	fixed		"{""frontier"": ""multi_model"", ""anchor"": ""structured"", ""disagreement_models"": [""issue_ledger"", ""mpnet"", ""tfidf""], ""majority_label"": ""fixed"", ""risk_labels"": [""regressed""], ""all_labels"": {""structured"": ""fixed"", ""tfidf"": ""partially_fixed"", ""modernbert"": ""fixed"", ""mpnet"": ""regressed"", ""issue_ledger"": ""regressed""}}"
Nfd7z9d6Bb__r05	ICLR 2025 expanded80 v1	regressed	regressed	3	We thank the reviewer for this question and clarification. We have performed an experiment with a simple regression datasets based on Rosenbrock function, going from 10 to 20000 in feature dimension (due to computational constraints) and included the results in the appendix. From the results we observe that CP^2 does not provide any benefit over PCP for this type of dataset. As expected, performance of all methods...	"User-confirmed standard expanded80 validation on 2026-04-26; source=user-reviewed expanded80 assistant-adjudication draft; not an independent two-annotator IAA pass. Evidence source: aligned_response_excerpt. Source adjudication note: {""audit_bucket"": ""minority_regressed"", ""evidence_source"": ""aligned_response_excerpt"", ""model_labels"": {""issue_ledger"": ""unresolved"", ""modernbert"": ""fixed"", ""mpnet"": ""partially_fixed"", ""structured"": ""regressed"", ""tfidf"": ""partially_fixed""}, ""not_human_validated"": true, ""provenance"": ""provisional_assistant_adjudication_from_expanded80_frontier"", ""suggested_label"": ""regressed""}"	45.955	label=regressed; bucket=minority_regressed; disagreement=3; audit_score=21.318	minority_regressed	21.318	23.183	regressed	regressed			partially_fixed	fixed	partially_fixed	unresolved	regressed		"{""frontier"": ""multi_model"", ""anchor"": ""structured"", ""disagreement_models"": [""issue_ledger"", ""modernbert"", ""mpnet"", ""tfidf""], ""majority_label"": ""partially_fixed"", ""risk_labels"": [""regressed"", ""unresolved""], ""all_labels"": {""structured"": ""regressed"", ""tfidf"": ""partially_fixed"", ""modernbert"": ""fixed"", ""mpnet"": ""partially_fixed"", ""issue_ledger"": ""unresolved""}}"
GM7cmQfk2F__r03	ICLR 2025 expanded80 v1	regressed	regressed	3	"[weaknesses] 1. The authors could a clear definition of what they mean by ""neat"" in the context of their work, and highlight specific sections where they could elaborate on how their method contrasts with the complexity of existing approaches. 2. In the Methods section, while the structure of the proposed architecture is described, I would like to see a more detailed explanation of why each component is expected to..."	"User-confirmed standard expanded80 validation on 2026-04-26; source=user-reviewed expanded80 assistant-adjudication draft; not an independent two-annotator IAA pass. Evidence source: review_excerpt. Source adjudication note: {""audit_bucket"": ""minority_regressed"", ""evidence_source"": ""review_excerpt"", ""model_labels"": {""issue_ledger"": ""unresolved"", ""modernbert"": ""partially_fixed"", ""mpnet"": ""unresolved"", ""structured"": ""regressed"", ""tfidf"": ""partially_fixed""}, ""not_human_validated"": true, ""provenance"": ""provisional_assistant_adjudication_from_expanded80_frontier"", ""suggested_label"": ""regressed""}"	41.900	label=regressed; bucket=minority_regressed; disagreement=2; audit_score=19.300	minority_regressed	19.300	23.000	regressed	regressed			partially_fixed	partially_fixed	unresolved	unresolved	regressed		"{""frontier"": ""multi_model"", ""anchor"": ""structured"", ""disagreement_models"": [""issue_ledger"", ""modernbert"", ""mpnet"", ""tfidf""], ""majority_label"": ""partially_fixed"", ""risk_labels"": [""regressed"", ""unresolved""], ""all_labels"": {""structured"": ""regressed"", ""tfidf"": ""partially_fixed"", ""modernbert"": ""partially_fixed"", ""mpnet"": ""unresolved"", ""issue_ledger"": ""unresolved""}}"
TbTJJNjumY__r03	ICLR 2025 expanded80 v1	regressed	regressed	3	[weaknesses] - The Related work section is pushed to the appendix. I know there is a lot to say about the proposed method, but the related work should be in the main text. The related work is not very well written. To improve readability, please divide the text into subsections, each discussing a different approach to the problem. - The paper did not compare with strong baselines such as ELG (Gao et al., 2024), GLOP...	"User-confirmed standard expanded80 validation on 2026-04-26; source=user-reviewed expanded80 assistant-adjudication draft; not an independent two-annotator IAA pass. Evidence source: review_excerpt. Source adjudication note: {""audit_bucket"": ""minority_regressed"", ""evidence_source"": ""review_excerpt"", ""model_labels"": {""issue_ledger"": ""unresolved"", ""modernbert"": ""partially_fixed"", ""mpnet"": ""unresolved"", ""structured"": ""regressed"", ""tfidf"": ""partially_fixed""}, ""not_human_validated"": true, ""provenance"": ""provisional_assistant_adjudication_from_expanded80_frontier"", ""suggested_label"": ""regressed""}"	41.900	label=regressed; bucket=minority_regressed; disagreement=2; audit_score=19.300	minority_regressed	19.300	23.000	regressed	regressed			partially_fixed	partially_fixed	unresolved	unresolved	regressed		"{""frontier"": ""multi_model"", ""anchor"": ""structured"", ""disagreement_models"": [""issue_ledger"", ""modernbert"", ""mpnet"", ""tfidf""], ""majority_label"": ""partially_fixed"", ""risk_labels"": [""regressed"", ""unresolved""], ""all_labels"": {""structured"": ""regressed"", ""tfidf"": ""partially_fixed"", ""modernbert"": ""partially_fixed"", ""mpnet"": ""unresolved"", ""issue_ledger"": ""unresolved""}}"
TbTJJNjumY__r04	ICLR 2025 expanded80 v1	regressed	regressed	3	[weaknesses] 1) Although the paper compares against several state-of-the-art methods, a more detailed comparison with recent advancements in reinforcement learning-based approaches for VRPs could provide a more comprehensive evaluation. 2) An exploration of the limitations of the cross-attention mechanism and potential areas for improvement would enhance the paper's depth. [questions] 1) How does the proposed method...	"User-confirmed standard expanded80 validation on 2026-04-26; source=user-reviewed expanded80 assistant-adjudication draft; not an independent two-annotator IAA pass. Evidence source: review_excerpt. Source adjudication note: {""audit_bucket"": ""minority_regressed"", ""evidence_source"": ""review_excerpt"", ""model_labels"": {""issue_ledger"": ""unresolved"", ""modernbert"": ""partially_fixed"", ""mpnet"": ""unresolved"", ""structured"": ""regressed"", ""tfidf"": ""partially_fixed""}, ""not_human_validated"": true, ""provenance"": ""provisional_assistant_adjudication_from_expanded80_frontier"", ""suggested_label"": ""regressed""}"	41.900	label=regressed; bucket=minority_regressed; disagreement=2; audit_score=19.300	minority_regressed	19.300	23.000	regressed	regressed			partially_fixed	partially_fixed	unresolved	unresolved	regressed		"{""frontier"": ""multi_model"", ""anchor"": ""structured"", ""disagreement_models"": [""issue_ledger"", ""modernbert"", ""mpnet"", ""tfidf""], ""majority_label"": ""partially_fixed"", ""risk_labels"": [""regressed"", ""unresolved""], ""all_labels"": {""structured"": ""regressed"", ""tfidf"": ""partially_fixed"", ""modernbert"": ""partially_fixed"", ""mpnet"": ""unresolved"", ""issue_ledger"": ""unresolved""}}"
5pd78GmXC6__r02	ICLR 2025 expanded80 v1	regressed	regressed	4	> Although the best combination shows performance benefits, its novelty is limited. The only differences between the best model and the existing state-of-the-art (IsoNet) are the interaction stage and non-linearity (which have been proposed in existing studies). Without providing principled rationales (as the first bullet), this could make the contributions appear incremental. Our key contribution is not providing...	"User-confirmed standard expanded80 validation on 2026-04-26; source=user-reviewed expanded80 assistant-adjudication draft; not an independent two-annotator IAA pass. Evidence source: aligned_response_excerpt. Source adjudication note: {""audit_bucket"": ""minority_regressed"", ""evidence_source"": ""aligned_response_excerpt"", ""model_labels"": {""issue_ledger"": ""regressed"", ""modernbert"": ""partially_fixed"", ""mpnet"": ""regressed"", ""structured"": ""partially_fixed"", ""tfidf"": ""partially_fixed""}, ""not_human_validated"": true, ""provenance"": ""provisional_assistant_adjudication_from_expanded80_frontier"", ""suggested_label"": ""regressed""}"	37.810	label=regressed; bucket=minority_regressed; disagreement=1; audit_score=19.270	minority_regressed	19.270	12.700	regressed	regressed			partially_fixed	partially_fixed	regressed	regressed	partially_fixed		"{""frontier"": ""multi_model"", ""anchor"": ""structured"", ""disagreement_models"": [""issue_ledger"", ""mpnet""], ""majority_label"": ""partially_fixed"", ""risk_labels"": [""regressed""], ""all_labels"": {""structured"": ""partially_fixed"", ""tfidf"": ""partially_fixed"", ""modernbert"": ""partially_fixed"", ""mpnet"": ""regressed"", ""issue_ledger"": ""regressed""}}"
KS8mIvetg2__r02	ICLR 2024 v1	fixed	fixed	4	Context fallback from aligned response context: Thank you for your thorough analysis and constructive feedback on our paper. We appreciate the opportunity to clarify the points raised and to provide additional insights into our research. N-gram overlap is a commonly utilized measure of contamination in the literature; however, it should be noted that it acts more as a measurement tool rather than as a...	User-reviewed standard human-validation signoff on 2026-04-26; source=human-reviewed AI-assisted signoff packet. Reviewed assistant note: baseline comparison and model-size evidence were added	34.860	label=fixed; bucket=structured_error; disagreement=3; audit_score=20.620	structured_error	20.620	6.200	fixed	fixed		regressed	partially_fixed	fixed	fixed	unresolved	partially_fixed		baseline comparison and model-size evidence were added
w7P92BEsb2__r01	ICLR 2025 repro v2	fixed	fixed	4	Figure 6 and Lines 510-530 compare errors and computational costs	User-reviewed standard human-validation signoff on 2026-04-26; source=human-reviewed AI-assisted signoff packet. Reviewed assistant note: The specific computational-cost comparison concern is directly answered with cost comparisons.	32.450	label=fixed; bucket=structured_error; disagreement=2; audit_score=19.150	structured_error	19.150	11.500	fixed	unresolved			partially_fixed	partially_fixed	fixed	unresolved	partially_fixed	Figure 6 and Lines 510-530 compare errors and computational costs	The specific computational-cost comparison concern is directly answered with cost comparisons.
ADDCErFzev__r04	ICLR 2024 v1	fixed	fixed	4	Answered all concrete questions with fc7 analysis, V1/OTC eigenspectrum analysis, voxel/unit counts, and clarified dropout-layer choice.	User-reviewed standard human-validation signoff on 2026-04-26; source=human-reviewed AI-assisted signoff packet. Reviewed assistant note: Added Appendix analyses for fc7 and human V1, plus explanation of the dropout/robustness criterion.	30.860	label=fixed; bucket=structured_error; disagreement=2; audit_score=18.620	structured_error	18.620	6.200	fixed	unresolved		regressed	unresolved	partially_fixed	partially_fixed	partially_fixed	partially_fixed	Answered all concrete questions with fc7 analysis, V1/OTC eigenspectrum analysis, voxel/unit counts, and clarified dropout-layer choice.	Added Appendix analyses for fc7 and human V1, plus explanation of the dropout/robustness criterion.
AyXIDfvYg8__r02	ICLR 2024 v1	fixed	fixed	4	Context fallback from aligned response context: We thank you for their detailed review and questions. We are pleased to see your recognition of our efforts in presentation. Please find our detailed response below, in addition to the comments in the global response. **For example, consider the simple case of binary classification...**: Thank you for prompting this discussion. The statement regarding...	User-reviewed standard human-validation signoff on 2026-04-26; source=human-reviewed AI-assisted signoff packet. Reviewed assistant note: theoretical goal-justification concern was answered directly	30.860	label=fixed; bucket=structured_error; disagreement=2; audit_score=18.620	structured_error	18.620	6.200	fixed	fixed		regressed	unresolved	partially_fixed	unresolved	unresolved	partially_fixed		theoretical goal-justification concern was answered directly
dCHbFDsCZz__r01	ICLR 2024 v1	fixed	fixed	4	Context fallback from aligned response context: Thank you for your appreciation of our contribution. We have carefully addressed all the questions raised, especially regarding the consistency of our mathematical results. Please find our responses below, and we respectfully request the reviewer to reconsider the overall rating. **Weaknesses:** **1. Although GitHub repo links and other identifying...	User-reviewed standard human-validation signoff on 2026-04-26; source=human-reviewed AI-assisted signoff packet. Reviewed assistant note: equation and release-plan concerns were explicitly addressed	30.860	label=fixed; bucket=structured_error; disagreement=2; audit_score=18.620	structured_error	18.620	6.200	fixed	fixed		fixed	partially_fixed	fixed	partially_fixed	unresolved	partially_fixed		equation and release-plan concerns were explicitly addressed
kmn0BhQk7p__r04	ICLR 2024 v1	fixed	fixed	4	Since then we have cross-labeled ~25% of the dataset	User-reviewed standard human-validation signoff on 2026-04-26; source=human-reviewed AI-assisted signoff packet. Reviewed assistant note: Directly validates the multi-label concern with new agreement numbers.	30.860	label=fixed; bucket=structured_error; disagreement=2; audit_score=18.620	structured_error	18.620	6.200	fixed	fixed		regressed	partially_fixed	partially_fixed	fixed	fixed	partially_fixed	Since then we have cross-labeled ~25% of the dataset	Directly validates the multi-label concern with new agreement numbers.
tEgrUrUuwA__r01	ICLR 2024 v1	fixed	fixed	4	Context fallback from aligned response context: We appreciate your detailed suggestions for our work. We provide the response to your concerns point by point as follows: **Q1: It would be easier for a reader to follow if the same notation would not be used for different purposes. $h$ (page 15) - class homophily metric $h_{i}^{(l)}$ (page 3) - $l$-th layer hidden representation of $v_i$.** **A1:** Thank...	User-reviewed standard human-validation signoff on 2026-04-26; source=human-reviewed AI-assisted signoff packet. Reviewed assistant note: notation and equation questions were directly resolved	30.860	label=fixed; bucket=structured_error; disagreement=2; audit_score=18.620	structured_error	18.620	6.200	fixed	partially_fixed		regressed	fixed	fixed	fixed	unresolved	unresolved		notation and equation questions were directly resolved
