priority_score	issue_id	venue	paper_title	primary_name	primary_label	secondary_name	secondary_label	review_excerpt	aligned_response_excerpt	revision_summary	gold_label	evidence_span	notes
6.200	Ebt7JgMHv1__r02	ICLR.cc/2024/Conference	Is This the Subspace You Are Looking for? An Interpretability Illusion for Subspace Activation Patching	structured_v7	fixed	modernbert_v7	unresolved	"[weaknesses] The paper does not pose an explicit hypothesis that can be falsified, limiting its scientific validity. Further, the ""illusion"" seems to make **problematic assumptions** and has unclear implications. - The hypothesis seems to be that every patched subspace “v” discovered by DAS can be decomposed into two directions “v_disconnected” and “v_dormant” (with specific properties), and that ""patching along the sum of these directions, the variation in the disconnected part activates the dormant part, which then achieves the causal effect"". The latter statement assumes that the model behaves somewhat linearly along these subspaces (i.e., the output of the model along direction ""v"" is given by a sum of its outputs along ""v_disconnected"" and ""v_dormant""), which is a strong hypothesis given that these models are fundamentally non-linear. While the paper provides some evidence for the existence of some ""disconnected"" and ""dormant"" directions, unfortunately, I do not see evidence justifying the apparent linear behaviour of the underlying model. - The definition of the ""dormant"" subspaces is confusing in the context of this work. If the model output remains unchanged for in-distribution patching and changes only for out-of-distribution samples $x,y \sim \mathcal{D}$, what procedures presented in this work result in out-of-distribution samples/activations? As far as I can tell, all procedures described involve patching with in-distribution data. - Is the hypothesis that such a decomposition does not exist for “true” subspace directions? --- The paper (especially sections 4-7) is difficult to read, is very dense, and has **several omitted details**. - The main paper on its own does not seem to be self-contained and seems to contain a significant number of references to the appendix. - The main hypothesis involves the claims that (1) subspace directions can be decomposed into two directions (disconnected, dormant) with specific properties, and (2) the effect of such directions adds somewhat linearly to the model outputs. However, the paper fails to connect this terminology (""disconnected, dormant directions"") in sections 4-7, making it difficult to verify whether the experiments confirm or deny the hypothesis. - The writing and presentation are sloppy. For example, in Section 4, “ker W_out” is never defined, and it is unclear how the results in Table 1 and Figure 3 relate to the description in section 4.3. What is ABB / BAB in Figure 3? What does “connected” in Table 1 refer to? Overall, how do Table 1, Figure 3, and Figure 4 illustrate support for the presented hypothesis? --- Overall, while this work may present a useful point, its writing (especially sections 4-7) makes it impossible to verify this. I suspect that a thorough rewrite is necessary to clarify its central point.

[questions] - For a future draft, I encourage the authors to present an explicit falsifiable hypothesis that facilitates both experimentation and analysis. - It might be helpful to comment on the downstream applications and practical utility of such activation patching techniques and mechanistic interpretability, particularly to better understand the implications of the ""illusion"". What are the use cases for identifying model components (neurons/subspaces) responsible for model behavior? What evaluation metrics are available to test whether the components have been correctly identified? - Do these results for subspace activation patching also hold for usual activation patching? It seems like subspace patching is a generalization, and thus it must, and also I see that the toy example is given for the case of usual activation patching, but the experimental results and the paper's messaging are specific to subspace patching.

[summary] This paper shows that subspace activation patching, a technique in mechanistic interpretability used to find subspaces that are “causally” responsible for models to produce certain outputs, may not be reliable. In particular, the paper explains why these may be misleading, involving the activation of dormant pathways. Real-world examples involving indirect object identification (IOI) and fact editing are shown where such techniques are misleading."	"We thank the reviewer for their thoughtful and thorough review. We are sorry that reading the paper was difficult, and we thank the reviewer for pointing out several confusing parts of the paper. **However, there are some fundamental aspects of our work that were miscommunicated, and we would like to clarify them below**. We have uploaded a revision that we hope will alleviate these concerns, with changes marked in red. > The paper does not pose an explicit hypothesis that can be falsified, limiting its scientific validity. [...] The hypothesis seems to be that every patched subspace “v” discovered by DAS can be decomposed into two directions “v_disconnected” and “v_dormant” (with specific properties) The key message of our work is not that the illusion described will always happen given some set of assumptions. Instead, **our central focus is showing the *existence* of the illusion in practical cases of interest** for ML interpretability. In the cases that we empirically discovered, the subspaces found indeed decompose as a sum of two orthogonal vectors with the properties given in Section 3 of the paper, and we found this decomposition a helpful way to think about the mechanistic underpinnings of the illusion. **We do not claim to provide specific conditions that will *guarantee* that the illusion will occur**, or that such a decomposition will exist. This means that our work takes the form of demonstrating the existence of the illusion, rather than proving a falsifiable hypothesis that it should always happen, which we expect is too strong a claim. As other reviewers have noted, this is a valuable contribution to the interpretability literature, as **the existence of such cases demonstrates that one should not apply subspace patching techniques blindly**. In particular, a key takeaway is that one should not rely solely on end-to-end metrics when evaluating optimization-based subspace patching methods for the purpose of localizing features in language models. We remark that we also provide several theoretical and heuristic reasons to expect the illusion to be prevalent in practice in Section 7, but they are not load-bearing to our main message. > ...""patching along the sum of these directions, the variation in the disconnected part activates the dormant part, which then achieves the causal effect"". The latter statement assumes that the model behaves somewhat linearly along these subspaces (i.e., the output of the model along direction ""v"" is given by a sum of its outputs along ""v_disconnected"" and ""v_dormant""), which is a strong hypothesis given that these models are fundamentally non-linear. **We make no assumptions of linearity, only about the behavior of the model when changing the activation only along v_disconnected, or only along v_dormant**. In particular, to address the reviewer’s objection, we only need a weaker set of assumptions: that **changing the activation only along v_disconnected does not change model outputs**. This assumption is provably satisfied when, for example, we consider the post-GELU activations of an MLP layer, and v_disconnected is in the kernel of the layer’s down-projection. This is because the only causal pathway by which the MLP activations affect the rest of the model is via the layer’s down-projection. A down-projection is a linear operation (though subsequent model layers are not linear), and adding a vector in its kernel does not change its output, thus adding v_dormant, or adding v_dormant and v_disconnected must have exactly the same downstream effect. To unpack this in more detail, we believe that in the review, the words “...the output of the model along direction ""v"" is given by a sum of its outputs along ""v_disconnected"" and ""v_dormant""...” are intended to mean “when changing the activation along v, this results in the same change in model output as the sum of the changes when changing only along v_disconnected and when changing only along v_dormant, adjusting the magnitudes of the changes by the projection of v on the two vectors”. **This is a true mathematical fact, but it is independent of any linearity assumptions on the neural network**. Recall that by construction v = (v_disconnected + v_dormant) / sqrt(2). Changing some activation A along v alone is the same as changing it along v_disconnected and v_dormant simultaneously (with coefficient 1/sqrt(2)), and leaving it unchanged along all directions orthogonal to the plane spanned by v_disconnected and v_dormant. Let’s call this new activation A’. By assumption, changing the activation A’ along v_disconnected alone results in no change in model output; so this activation A’ will produce the same model output as the activation A’’ where only v_dormant was changed. This shows that the change in outputs introduced by changing along v is the same as the change in outputs introduced by changing along v_dormant alone, plus the change in outputs after changing along v_disconnected alone (which is zero).

Continuing from our previous response, we would like to clarify some other aspects of our work that were miscommunicated. > The definition of the ""dormant"" subspaces is confusing in the context of this work. If the model output remains unchanged for in-distribution patching and changes only for out-of-distribution samples, what procedures presented in this work result in out-of-distribution samples/activations? As far as I can tell, all procedures described involve patching with in-distribution data. While the reviewer’s concern would be true in the case of full component activation patching, **it is possible for subspace activation patching between in-distribution data to result in out-of-distribution activations** when the subspace is a proper subspace of activation space. To explain in more detail, imagine a 2-dimensional activation space, where in-distribution activations are always on the x-axis, ie the y-coordinate is always zero. Consider subspace activation patching along the vector $v=(1/\sqrt(2), 1/\sqrt(2))$ which makes equal angles with the x and y axes. If we patch along $v$ from an example with activation $(x_1, 0)$ into an example with activation $(x_2, 0)$ with $x_1 \neq x_2$, the result is the activation $$(x_2, 0) + 1/\sqrt(2) * (x_1-x_2) * v = ((x_1+x_2)/2, (x_1-x_2)/2)$$ In particular, this activation is now out-of-distribution, since it has a nonzero component along the y axis. > Is the hypothesis that such a decomposition does not exist for “true” subspace directions? **A definition of “true” subspace directions is outside the scope of our work**. Rather, our central message is that the existence of such a decomposition, and an empirical observation showing that removing the causally disconnected component of a subspace greatly reduces the effect of the subspace activation patch, should be taken as cause for concern when attributing features to particular subspaces. > [...] However, the paper fails to connect this terminology (""disconnected, dormant directions"") in sections 4-7, making it difficult to verify whether the experiments confirm or deny the hypothesis. We do connect the terminology of disconnected and dormant directions to our experiments in several ways: - For the IOI task, we orthogonally decompose the $v_{MLP}$ subspace as a sum $v_{MLP} = v_{MLP}^{nullspace} + v_{MLP}^{rowspace}$, where $v_{MLP}^{nullspace}$ is the orthogonal projection of $v_{MLP}$ on the kernel of $W_{out}$, and $v_{MLP}^{rowspace}$ is the orthogonal projection on the rowspace of $W_{out}$. - By definition, $v_{MLP}^{nullspace}$ is a causally disconnected direction. - We show that the direction $v_{MLP}^{rowspace}$ is significantly less activated by the feature we are patching than the direction $v_{MLP}^{nullspace}$ in Figure 20 in the Appendix. This shows that $v_{MLP}^{rowspace}$ is relatively dormant, compared to $v_{MLP}^{nullspace}$. - In our revision of the paper, we have rewritten large parts of Subsection 4.3. to clarify the relationship of the experiments to our model of the illusion. - For factual recall, we again decompose the directions found by DAS (which are in the post-gelu activations of MLP layers) in the same way. - Again by definition, the nullspace components are causally disconnected. - To check how dormant the rowspace components are, we ran the experiment shown in Figure 12 in the paper, where we project the difference of activations of the two examples we are patching between on the causally disconnected component (the orthogonal projection on $\ker W_{out}$), and observe cosine similarity between this projection and the original direction of ~0.9; this implies that the cosine similarity with the rowspace component is ~0.4; thus, the rowspace component is relatively dormant compared to the nullspace one. - In our revision of the paper, we have included a note on this in the main body of the text.

> The main paper on its own does not seem to be self-contained and seems to contain a significant number of references to the appendix. We acknowledge that there is quite a bit of material in the appendix, and are sorry that this made our work harder to follow. We have tried to condense the central points of our work in the main body of the paper by making the following changes, which have significantly reduced the dependence of the main body in sections 4 and 6 on the supplementary material by including the following details in the main body: - IOI dataset we used (Section 4.1) - Computing the direction $v_{grad}$ (Section 4.2) - Computing directions using DAS (Section 4.2) - Details for fact patching experiments (Section 6.1) - We moved what was previously Figure 2 to the supplementary material, as we felt that it makes an insufficient contribution relative to the space it occupies. - Similarly, we moved the statement of what was previously Lemma 6.1. To the appendix, and explained its result informally We hope this alleviates your concern. If there are any other parts of the appendices which felt important to understanding the main text, we would appreciate you bringing them to our attention. > The writing and presentation are sloppy. For example, in Section 4, “ker W_out” is never defined, and it is unclear how the results in Table 1 and Figure 3 relate to the description in section 4.3. What is ABB / BAB in Figure 3? What does “connected” in Table 1 refer to? Overall, how do Table 1, Figure 3, and Figure 4 illustrate support for the presented hypothesis? We have addressed these issues as well as others pointed out by the other reviewers in our updated draft. In particular, we rewrote Subsection 4.3 to fix various problems and better connect the writing to the table and figure. To answer the reviewer’s questions specifically: - $\ker W_{out}$ is the kernel of the down-projection of the MLP layer where the illusory direction v_MLP is contained. - The main text now contains detailed descriptions of all interventions involved, with short names matching those appearing in Table 1. - Figure 3 relates to the text in Section 4.3 through the paragraph now titled “Patching $v_{\text{MLP}}$ activates a dormant pathway through the MLP.” Specifically, Figure 3 illustrates how the subspace activation patch along $v_{MLP}$ takes the output of the MLP layer along the gradient direction of the name mover query matrices off-distribution. - Here and elsewhere in the paper, “ABB” means prompts where the IO name comes first, and “BAB” means prompts where the S name comes first. We thank the reviewer for pointing out this omission. The notation is now explained in the caption of Figure 3. Overall, Table 1 supports our claim for the existence illusion by showing that the subspace patch along $v_{MLP}$ has a significant effect on model outputs (much stronger than the effect of patching the full MLP layer’s activations), but this effect disappears when we restrict to the causally relevant component of $v_{MLP}$, denoted $v_{MLP}^{rowspace}$ in our revision and introduced in the “Methodology” part of Subsection 4.3. Figure 3 further supports our model of the illusion by showing how the MLP layer’s output on the causally relevant direction $v_{grad}$ (given by the gradient of name-mover attention scores) is taken significantly out of distribution by the patch along $v_{MLP}$. Finally, Figure 4 (which is about factual recall) has similar message as Table 1: it shows that subspace patching along the directions found by DAS is much more effective at changing a model’s completion of a fact than patching the entire MLP layer, or patching along only the causally relevant component."	"We thank the reviewer for their thoughtful review, and for the encouraging feedback on the timeliness and soundness of our work. Below, we address the reviewer’s questions and other concerns: > code is not provided We are working on releasing an anonymized version of our code in the next few days. We will provide a link to it in a subsequent response once it is available. > Why do the authors solely focus on subspace activation patching? The identified interpretability illusion should also hold for (automatic) component activation patching (i.e., consider the entire activation space as the (sub)space). This is a great question. A key property of subspace activation patching not shared with full-component activation patching is that it **may create out-of-distribution activations for the given component, even when patching only between in-distribution examples**. This makes it particularly vulnerable to an MLP-in-the-middle type of illusion, where we take the output of the MLP layer off-distribution in order to write some causally important information in the residual stream. Intuitively, this would not be possible to such an extent when patching the full hidden activation of the MLP layer, because its activations for in-distribution examples do not generally write important information to the residual stream (as can be confirmed by doing the full patch). However, full-component activation patching can still take the activations of the model as a whole off-distribution. It is an interesting question for future work whether a variant of the illusion can be exhibited for full-component patching. For example, if two heads always cancel each other out (one outputs +v and the other -v), we could patch just one of them such that they no longer cancel out. Thus, it may be possible to patch only one of these components and throw the model off-distribution. However, we expect such scenarios of “perfect cancellation” to be rarer in practice. > There seems to be an error in the indices in the toy example in Appendix A.3. This is correct; the sentence “... the linear subspace of H_2 and H_3 defined by the unit vector…” should be “...H_1 and H_2…” instead. We thank the reviewer for pointing this out, and we have corrected it in our revision of the paper. > While Fig. 1 clearly demonstrates the interpretability illusion, it is hard to parse. It may be good to make it more accessible/easier to parse, as it demonstrates the main insight of the paper. We acknowledge that Figure 1 is somewhat involved and thank the reviewer for pointing this out. To make it more readable, we have included a “decomposition” of this figure into four figures to be read sequentially. Due to space limitations, we include this new figure as Figure 26 in the Appendix, and we point to it from the main text. We also re-did the original figure in TikZ to improve readability. We hope that this makes the phenomenon clearer. > It’d be good to add the relation of the vector v to the subspace U in Sec. 3. We thank the reviewer for pointing this out; the relationship is that, in the special case of 1-dimensional subspace patching we consider, $U$ is the subspace spanned by the (unit) vector $v$. We hope that clarifies this part of the paper; we have added it to our revision. > It’d be good to match the notation of Tab. 1 and the respective text. We thank the reviewer for pointing this out. This is a concern shared by another reviewer as well, and we acknowledge that Table 1 can be improved in many ways. In the revision we have uploaded, we have made the notation more coherent. We have also re-parametrized the fractional logit diff metric to make it more intuitive and readable.

We thank all three reviewers for their thoughtful feedback and insightful comments. As reviewers **YsUK** and **ERkw** have noted, our core contribution is showing the existence of a particular interpretability illusion for subspace activation patching in two real-world examples, where a subspace seems causally relevant by activating a previously dormant pathway. The impact of this is that subspace activation patching interpretability techniques, especially when based on optimization, should not be applied using solely end-to-end evaluations, and may be misleading. As such, reviewer **8jAi**’s concern about the lack of a “falsifiable hypothesis” that would guarantee the existence of the illusion under some conditions, is not the lens through which we view our contribution. We have addressed this, as well as other key aspects of our work that were miscommunicated, in our response to reviewer **8jAi**. A concern shared by the majority of reviewers is about the clarity of our paper, especially sections 4-7, and about how the experiments therein connect to our theoretical model of the illusion. We have taken these comments to heart, and have updated the writing, tables and figures in these sections with clearer explanations and additional details (which were previously in the supplementary material) to aid the grounding of our experiments. We have uploaded a revision of our paper where new material is highlighted in red to aid reviewers. Specific changes made are listed in individual responses to reviewers that requested these changes. The main changes have been: - adding related work motivating downstream uses of mechanistic interpretability in the introduction; - re-doing Figure 1 for improved readability, as well as providing a step-by-step decomposition and explanation for it in the Appendix - rewriting Section 4.3. significantly to clarify experimental methodology and how it connects with the figures and tables; - decreasing the main body's dependence on the supplementary material in Sections 4 and 6.

> The main paper on its own does not seem to be self-contained and seems to contain a significant number of references to the appendix. We acknowledge that there is quite a bit of material in the appendix, and are sorry that this made our work harder to follow. We have tried to condense the central points of our work in the main body of the paper by making the following changes, which have significantly reduced the dependence of the main body in sections 4 and 6 on the supplementary material by including the following details in the main body: - IOI dataset we used (Section 4.1) - Computing the direction $v_{grad}$ (Section 4.2) - Computing directions using DAS (Section 4.2) - Details for fact patching experiments (Section 6.1) - We moved what was previously Figure 2 to the supplementary material, as we felt that it makes an insufficient contribution relative to the space it occupies. - Similarly, we moved the statement of what was previously Lemma 6.1. To the appendix, and explained its result informally We hope this alleviates your concern. If there are any other parts of the appendices which felt important to understanding the main text, we would appreciate you bringing them to our attention. > The writing and presentation are sloppy. For example, in Section 4, “ker W_out” is never defined, and it is unclear how the results in Table 1 and Figure 3 relate to the description in section 4.3. What is ABB / BAB in Figure 3? What does “connected” in Table 1 refer to? Overall, how do Table 1, Figure 3, and Figure 4 illustrate support for the presented hypothesis? We have addressed these issues as well as others pointed out by the other reviewers in our updated draft. In particular, we rewrote Subsection 4.3 to fix various problems and better connect the writing to the table and figure. To answer the reviewer’s questions specifically: - $\ker W_{out}$ is the kernel of the down-projection of the MLP layer where the illusory direction v_MLP is contained. - The main text now contains detailed descriptions of all interventions involved, with short names matching those appearing in Table 1. - Figure 3 relates to the text in Section 4.3 through the paragraph now titled “Patching $v_{\text{MLP}}$ activates a dormant pathway through the MLP.” Specifically, Figure 3 illustrates how the subspace activation patch along $v_{MLP}$ takes the output of the MLP layer along the gradient direction of the name mover query matrices off-distribution. - Here and elsewhere in the paper, “ABB” means prompts where the IO name comes first, and “BAB” means prompts where the S name comes first. We thank the reviewer for pointing out this omission. The notation is now explained in the caption of Figure 3. Overall, Table 1 supports our claim for the existence illusion by showing that the subspace patch along $v_{MLP}$ has a significant effect on model outputs (much stronger than the effect of patching the full MLP layer’s activations), but this effect disappears when we restrict to the causally relevant component of $v_{MLP}$, denoted $v_{MLP}^{rowspace}$ in our revision and introduced in the “Methodology” part of Subsection 4.3. Figure 3 further supports our model of the illusion by showing how the MLP layer’s output on the causally relevant direction $v_{grad}$ (given by the gradient of name-mover attention scores) is taken significantly out of distribution by the patch along $v_{MLP}$. Finally, Figure 4 (which is about factual recall) has similar message as Table 1: it shows that subspace patching along the directions found by DAS is much more effective at changing a model’s completion of a fact than patching the entire MLP layer, or patching along only the causally relevant component."			"{""disagreement"": 1.0, ""mixed_signals"": 1.0, ""response_count"": 3, ""density"": 2.0, ""primary_label"": ""fixed"", ""secondary_label"": ""unresolved""}"
6.200	6ARlSgun7J__r01	ICLR.cc/2024/Conference	Enhancing Tail Performance in Extreme Classifiers by Label Variance Reduction	structured_v7	partially_fixed	modernbert_v7	fixed	"[weaknesses] 1. The main shortcoming of the paper is the lack of novelty in the main idea and the approach : 1a) In terms of the content i.e. the main theoretical results such as Theorem 1, its proof, the idea to reduce variance for improving generalization, using soft-labels in teacher-student setup has already been explored in the existing work of Menon et al 2021. It seems that the paper attempts to build a loose bridge between this earlier theoretical work to build a weighting scheme and soft-labels (equation 9). 1b) The paper claims that the variance issue for tail-labels has not been explored so far. However, this seems not quite true, as a similar concern has been raised in the earlier work Babbar and Scholkopf 2019, where there was a similar argument that due to the lack of data in tail-labels, for a given class label, there is high variance between the input features between two samples. 2) There also seems to be a lack of consistency in terms of using the symbols and notation in many places. For instance, X is used in Section 3.1 to denote a (random?) instance in the input space $\mathcal{X}$. However, the same is used to limit the norm of x in the same section. For equation (1), should the LHS also not be conditioned on x i.e. V[y|x]. It is not clear why there are two different symbols for the sub-script (small-case) x. Why the equation (6) is defined in terms of a trained classifier w*, while the standard generalization results are stated in terms of all possible classifiers in the hypothesis class. The theorem statement needs to be on a better formal footing as done in the original paper Menon et al. 2021, the current version is incomplete and unclear. 3. In terms of properly citing related work, the paper falls somewhat short. For instance, the paper introduces the need to use calibrated losses without a proper justification to use calibrated losses or a reference thereof. It does not seem to be in the sense of the word used in the last sentence of page 1. Another concern is the lack of setting the right context for the cited papers. As mentioned above, the high variance problem for tail-labels has also been explored. As another instance, the work of Schultheis et al. 2022 is cited but the correct context is in the related work section when discussing Missing and Tail-labels in Section 2.2, and not only later down in discussing coverage as a metric. Even though the paper has been cited, it is not in the right context. In terms of the main classifier, the focus of the paper is on one-vs-rest approaches, while DiSMEC which initiated this approach in extreme settings isn’t referred.

[questions] As mentioned above in the weaknesses section

[summary] The paper presents a methodology for improving performance on tail-labels. The main observation behind the proposed approach is that there is a significant variance in the label distribution due to the finite and even scarce number of data points for tail-labels in the extreme classification. The paper builds a connection with an existing work (Menon et al. 2021), on which it heavily relies, for most of the motivation, to propose a variance reduction strategy (Theorem 1 in the paper & discussion thereafter) and hence improvement in the generalization error. The focus of the approach (generalization analysis) is on the last/classification layer of the network. The above generalization analysis leads to an augmented objective which, in addition to standard hard labels, also consists of a loss term consisting of soft labels from a teacher model, for which recent frameworks based on Siamese training are exploited. The proposed approach is tested on a range of datasets from the extreme classification repository, and it is shown that the proposed approach leads to significant improvements in the prediction performance in terms of P@k and PSP@k metrics. The augmentation strategy is also compared to existing methods for data augmentation in extreme classification to further demonstrate its general applicability."	"We thank the reviewer for their valuable feedback. Below, we provide clarifications: > Concerns around novelty: The paper claims that the variance issue for tail labels has not been explored so far. However, this seems not quite true, as a similar concern has been raised in the earlier work by Babbar and Scholkopf 2019 [1] discusses the issue of variance from the point of view of a lack of commonality between features of training instances and those between training and test instances. However, the definition of variance we use is different, and we highlight it with an example below: Consider a dataset where data points are user queries and labels are advertisements shown in response to user queries. Now, if we consider a label with the text “insurance,” there could be a wide variety of user queries (or documents), such as “hospital bills” and “car repair,” that are relevant to this label. This lack of commonality between documents associated with a single label has been discussed in [1]. In recommendation tasks, dataset rely on click signals to build the ground truth, i.e., if the user clicks on an advertisement for a particular query, then the query-advertisement pair is considered relevant (1 in ground truth). However, feedback in the form of user clicks is subject to variability as a user’s interests can fluctuate over time; for example, for the query “hospital bills,” there may or may not be a click on the “insurance” ad. Approximating the relevance using click signals that are binary leads to inaccuracies in the dataset, which we quantify using the term label variance. In regards to the novelty of our work, we would like to highlight a few points: 1. We propose the concept of label variance, which, to the best of our knowledge, has not been explored in the domain of extreme classification. 2. While Menon et al. discuss the teacher-student setup, their teacher is better than the student overall (as indicated by superior Precision values in Table 1). While such a strong teacher might not always be available, we demonstrate the potential of improving the performance of OvA classifiers by proposing a Siamese teacher that excels only on tail labels. Note that the Siamese teacher is inferior in precision compared to the OvA student model. To the best of our knowledge, we are the first to propose distilling from a teacher that excels only on a subset of the dataset population (tail labels) for XMC tasks. 3. While the idea is simple, we believe the method's simplicity is a strength as it allows for an easy and effective combination with state-of-the-art one-versus-all methods, as highlighted in our results. [1]: “Data scarcity, robustness, and extreme multi-label classification” (Babbar and Scholkopf 2019) > Inconsistent notation in Section 3.1, and better presentation of improving presentation of Theorem 1. Thanks for highlighting this. We will work on addressing the issues in our final draft. > Citing related works **Justification for the use of calibrated losses** In Section 3.3, we discuss the need to use calibrated losses. In summary, Siamese networks trained using triplet loss have shown to do well on tail labels. However, the scores output by these models are not well calibrated, i.e., they do not have a probabilistic interpretation). For training OvA classifiers with soft targets, we need calibrated scores, and Theorem 2 in our paper shows how we can obtain calibrated scores from the Siamese teacher. Note that this is in line with the posthoc calibration strategy mentioned in [3], where a model is learned. Then a parametrized Sigmoid function is fit to learn the relevance probabilities, i.e., given an uncalibrated score $s_x$ we get $p_x$ by fitting the sigmoid function $p_x = 1/(1 + e^{-(ms_x +c)})$ where $m, c$ are model hyper-parameters. We will clarify the definition of calibration used in the current context and add a citation to [2]. **Meaning of calibration used at the end of Pg1?** At the end of Pg 1. We discuss the strategies that rebalance the loss functions to tackle the problem of extreme class imbalance in XMC datasets. We will clarify this in the final version of the paper. **Citing work of Schultheis et al. 2022 in the correct context and missing citation of DiSMEC** In our revised draft, we have cited the work of Schultheis et al. 2022 in Section 2.2 while discussing “Bias due to Missing Lables,” and DiSMEC has now been cited in the introduction while discussing about OvA classifiers in the revised draft. We hope this rebuttal clarifies the concerns you had about the paper. We would be happy to discuss any further questions about the work. We would really appreciate an increase in the score if the reviewer’s concerns are adequately addressed to facilitate the acceptance of the paper. [2]: Scale Calibration of Deep Ranking Models, Le Yan et al, KDD 2022 [3] Probabilistic Outputs for SVMs and Comparisons to Regularized Likelihood Methods, Platt 2000

We thank the reviewer for their valuable feedback. **Can the teacher model be adapted to the current task? How does its performance compare?** The teacher model is adapted to the current task, the Siamese model is trained on the same dataset on which the classifier-based methods were trained. The teacher model (Siamese network) is much better than the student model (classifier) on the tail (indicated by superior PSP Coverage), while it lags behind significantly in Precision. Using the superior performance of the teacher on the tail, LEVER improves the OvA classifier’s tail performance. We have updated the draft to include a comparison between teacher and student in Table 4 in the main paper. **What are the differences between directly using a better model for distillation and utilizing the results of other models as auxiliary information in this paper?** We request the reviewer to clarify the question. From what we understand, the reviewer is asking the effect of using a better model for distillation. If so, it is the case that a better teacher model results in better performance of classifiers when combined with LEVER. Table 13 in the supplementary shows the effect of using different teachers. We experiment with 3 teachers: Astec, MiniLM 3-layer, and 6-layer DistilBERT.However, it is important to note that even our best teacher, NGAME 6-layer DistilBert, performs much inferior to classifier-based methods on precision. **Readability of paper not strong and uncomfortable formatting. Full text not filling 9 pages. More discussion around train time and teacher model performance.** We apologize for the concerns around formatting. We have made the following changes: (i): Abstract has been made concise, (ii): Empty space around Section 2 related work and equations has been cut down, (iii): We have devoted the additional space obtained to discuss the train time overhead of using LEVER (Table 3) and Comparison with the teacher model (Table 4) **Limited novelty: the innovation lies in using a teacher model to predict probabilities. From a personal perspective, the innovation lies in using a teacher model to predict probabilities From the perspective of innovative design, it is not convincing.** While the approach might be simple, we believe the concept of label variance we propose is novel. Additionally, we would like to highlight the difference between our setup and conventional distillation, which usually relies on a teacher model that is uniformly better than the student. In our work, we show that a teacher model that excels on a subpopulation (tail-labels) can also be leveraged to improve the performance of OvA classifiers for XMC tasks. Further, the simplicity of the approach should rather be viewed as a strength as it allows for easy and effective combinations with multiple SOTA classifier-based methods. **Why does the Siamese model provide accurate estimates of $p_x$?** Recent studies have shown that Siamese Networks, when used as input encoders, exhibit impressive performance on tail labels (Dahiya et al., 2021a; 2022; Jain et al., 2023). This success can be attributed to the ability of Siamese encoders to learn correlations by utilizing label-side features. Further, we consume only high confidence estimates of $p_x$ from Siamese teacher models: “For each label l, the τ nearest points from the pool are selected and added as ground truth.” --- We hope this rebuttal clarifies the concerns you had about the paper. We would be happy to discuss any further questions about the work, and would really appreciate an appropriate increase in the score if the reviewer’s concerns are adequately addressed to facilitate the acceptance of the paper.

We thank the reviewer for their valuable feedback. Below, we provide clarifications. **The proposed method is just a combination of loss with hard and soft labels, which is a simple idea.** Yes, while the idea is a combination of hard and soft labels, we would like to highlight that this simplicity allows the easy and effective combination of LEVER with any OvA-based XMC approach. However, unlike standard distillation where logits for all classes from teacher are used, in our case, for each label l, only the τ nearest points from the pool are selected and added as ground truth for distillation. This is how we have adapted distillation for our multi-label scenario. Table 22 and Figure 7 in supplementary show that increasing τ improves performance on tail, while it hurts head or torso label **If we have a model that provides good estimates then we don't need to train another one; the XMLC task is already solved!** Our intention for writing “if we have precise estimates of marginal relevance.. Reducing the variance to 0” was to convey that as the teacher gets more accurate, the variance term reduces to zero, and thus the upper bound on the true risk reduces, thereby improving generalization error of the classifier. However, a perfect teacher model is not available in practice. The NGAME model we use is a proxy for the perfect teacher and note that it is more accurate than the OvA classifier only on tail labels. Leveraging the strength of this Siamese model on the tail to reduce the label variance of OvA classifiers on the tail is what LEVER aims to achieve. **From the appendix, I understand that $\lambda$ (the variable that weights the hard and soft part of the loss) was used for all the experiments..** We think the reviewer has confused the $\lambda$ for ELIAS mentioned in Section D.2 of supplementary with the $\lambda$ for LEVER. We have renamed the $\lambda$ used in Section D.2 to $\lambda_{elias}$. The $\lambda$ used in LEVER is 0.5 (equal weight to both hard & soft labels). **I would like to see how different values of $\lambda$ impact the final performance and what the trade-off curve between head-labels and tail-labels performance looks like** In table below, we show the effect of varying $\lambda$ when LEVER is combined with Renee on 3 datasets: LF-AmazonTitles-131K, LF-Wikipedia-500K, & LF-AOL-270K. Note that $\lambda$=0.33 weighs the soft labels with double the weight as compared to hard labels. Our observations are: The equal weightage (0.5) gives the best performance. Increasing $\lambda$ weighs the hard labels more and this results in performance that gets closer to the base classifier, i.e., PSP worsens, and Precision remains flat or drops slightly. Additionally, decreasing $\lambda$ helps only up to a certain point, i.e., $\lambda$=0.5; this is because our teacher is not perfect we need to strike a balance between hard and soft labels. |LF-AmazonTitles-131K|||||||||| |-|-|-|-|-|-|-|-|-|-| |$\lambda$|P@1|P@3|P@5|PSP@1|PSP@3|PSP@5|C@1|C@3|C@5| |0.33|46.15|30.76|21.87|39.70|45.33|50.13|32.56|54.48|61.24| |0.50|46.44|30.83|21.92|39.70|45.44|50.31|32.82|55.11|61.94| |0.66|46.57|30.87|21.93|39.59|45.46|50.36|32.31|54.49|61.48| |0.80|46.58|30.88|21.92|39.37|45.39|50.33|32.06|54.38|61.42| |LF-Wikipedia-500K|||||||||| |-|-|-|-|-|-|-|-|-|-| |$\lambda$|P@1|P@3|P@5|PSP@1|PSP@3|PSP@5|C@1|C@3|C@5| |0.33|84.66|65.94|51.54|40.51|53.40|58.75|26.88|56.01|67.94| |0.50|85.02|66.42|52.05|42.50|54.86|60.20|29.46|58.53|70.29| |0.66|84.96|66.51|52.18|39.34|53.53|59.46|25.66|55.78|68.33| |0.80|84.84|66.42|52.14|38.66|53.09|59.16|24.96|55.08|67.79| |AOL-270K|||||||||| |-|-|-|-|-|-|-|-|-|-| |$\lambda$|P@1|P@3|P@5|PSP@1|PSP@3|PSP@5|C@1|C@3|C@5| |0.33|41.14|24.00|16.50|17.24|32.31|40.02|14.14|36.67|45.84| |0.50|41.70|24.78|17.07|20.38|37.07|45.13|17.43|42.54|52.01| |0.66|41.44|24.41|16.76|16.76|32.69|40.47|14.16|37.38|46.54| |0.80|41.17|24.04|16.49|15.59|30.30|37.64|13.16|34.62|43.25| This table has been added as Table 16 in the supplementary material. For decile-wise plots showing head-tail variation, please refer to Fig. 4, 5, 6 in the supplementary material **On the LF-AOL-270K dataset, LEVER combined with ELIAS yields extremely high improvement on standard precision@k..** Thanks for pointing this out. This is a typo; the number from the LF-AmazonTitles-1.3M ELIAS+LEVER row was mistakenly copied to the ELIAS+LEVER row in LF-AOL-270K. The supplement however has the correct values for LF-AOL-270K without this typo. We fixed this in the main table of updated draft. Here are the values for your reference |LF-AOL-270K|P@1|P@3|P@5|PSP@1|PSP@3|PSP@5| |-|-|-|-|-|-|-| |ELIAS |40.83 |22.33 |14.91 |13.29 |21.46 |25.22 | |ELIAS + LEVER |40.85 |22.83 |15.57 |13.68 |24.30 |30.43| --- We hope this rebuttal clarifies your concerns. We would be happy to discuss any further questions, and would appreciate an appropriate increase in the score if the reviewer’s concerns are addressed to facilitate the acceptance of the paper."	"We thank the reviewer for their valuable feedback. Below, we provide clarifications. **The proposed method is just a combination of loss with hard and soft labels, which is a simple idea.** Yes, while the idea is a combination of hard and soft labels, we would like to highlight that this simplicity allows the easy and effective combination of LEVER with any OvA-based XMC approach. However, unlike standard distillation where logits for all classes from teacher are used, in our case, for each label l, only the τ nearest points from the pool are selected and added as ground truth for distillation. This is how we have adapted distillation for our multi-label scenario. Table 22 and Figure 7 in supplementary show that increasing τ improves performance on tail, while it hurts head or torso label **If we have a model that provides good estimates then we don't need to train another one; the XMLC task is already solved!** Our intention for writing “if we have precise estimates of marginal relevance.. Reducing the variance to 0” was to convey that as the teacher gets more accurate, the variance term reduces to zero, and thus the upper bound on the true risk reduces, thereby improving generalization error of the classifier. However, a perfect teacher model is not available in practice. The NGAME model we use is a proxy for the perfect teacher and note that it is more accurate than the OvA classifier only on tail labels. Leveraging the strength of this Siamese model on the tail to reduce the label variance of OvA classifiers on the tail is what LEVER aims to achieve. **From the appendix, I understand that $\lambda$ (the variable that weights the hard and soft part of the loss) was used for all the experiments..** We think the reviewer has confused the $\lambda$ for ELIAS mentioned in Section D.2 of supplementary with the $\lambda$ for LEVER. We have renamed the $\lambda$ used in Section D.2 to $\lambda_{elias}$. The $\lambda$ used in LEVER is 0.5 (equal weight to both hard & soft labels). **I would like to see how different values of $\lambda$ impact the final performance and what the trade-off curve between head-labels and tail-labels performance looks like** In table below, we show the effect of varying $\lambda$ when LEVER is combined with Renee on 3 datasets: LF-AmazonTitles-131K, LF-Wikipedia-500K, & LF-AOL-270K. Note that $\lambda$=0.33 weighs the soft labels with double the weight as compared to hard labels. Our observations are: The equal weightage (0.5) gives the best performance. Increasing $\lambda$ weighs the hard labels more and this results in performance that gets closer to the base classifier, i.e., PSP worsens, and Precision remains flat or drops slightly. Additionally, decreasing $\lambda$ helps only up to a certain point, i.e., $\lambda$=0.5; this is because our teacher is not perfect we need to strike a balance between hard and soft labels. |LF-AmazonTitles-131K|||||||||| |-|-|-|-|-|-|-|-|-|-| |$\lambda$|P@1|P@3|P@5|PSP@1|PSP@3|PSP@5|C@1|C@3|C@5| |0.33|46.15|30.76|21.87|39.70|45.33|50.13|32.56|54.48|61.24| |0.50|46.44|30.83|21.92|39.70|45.44|50.31|32.82|55.11|61.94| |0.66|46.57|30.87|21.93|39.59|45.46|50.36|32.31|54.49|61.48| |0.80|46.58|30.88|21.92|39.37|45.39|50.33|32.06|54.38|61.42| |LF-Wikipedia-500K|||||||||| |-|-|-|-|-|-|-|-|-|-| |$\lambda$|P@1|P@3|P@5|PSP@1|PSP@3|PSP@5|C@1|C@3|C@5| |0.33|84.66|65.94|51.54|40.51|53.40|58.75|26.88|56.01|67.94| |0.50|85.02|66.42|52.05|42.50|54.86|60.20|29.46|58.53|70.29| |0.66|84.96|66.51|52.18|39.34|53.53|59.46|25.66|55.78|68.33| |0.80|84.84|66.42|52.14|38.66|53.09|59.16|24.96|55.08|67.79| |AOL-270K|||||||||| |-|-|-|-|-|-|-|-|-|-| |$\lambda$|P@1|P@3|P@5|PSP@1|PSP@3|PSP@5|C@1|C@3|C@5| |0.33|41.14|24.00|16.50|17.24|32.31|40.02|14.14|36.67|45.84| |0.50|41.70|24.78|17.07|20.38|37.07|45.13|17.43|42.54|52.01| |0.66|41.44|24.41|16.76|16.76|32.69|40.47|14.16|37.38|46.54| |0.80|41.17|24.04|16.49|15.59|30.30|37.64|13.16|34.62|43.25| This table has been added as Table 16 in the supplementary material. For decile-wise plots showing head-tail variation, please refer to Fig. 4, 5, 6 in the supplementary material **On the LF-AOL-270K dataset, LEVER combined with ELIAS yields extremely high improvement on standard precision@k..** Thanks for pointing this out. This is a typo; the number from the LF-AmazonTitles-1.3M ELIAS+LEVER row was mistakenly copied to the ELIAS+LEVER row in LF-AOL-270K. The supplement however has the correct values for LF-AOL-270K without this typo. We fixed this in the main table of updated draft. Here are the values for your reference |LF-AOL-270K|P@1|P@3|P@5|PSP@1|PSP@3|PSP@5| |-|-|-|-|-|-|-| |ELIAS |40.83 |22.33 |14.91 |13.29 |21.46 |25.22 | |ELIAS + LEVER |40.85 |22.83 |15.57 |13.68 |24.30 |30.43| --- We hope this rebuttal clarifies your concerns. We would be happy to discuss any further questions, and would appreciate an appropriate increase in the score if the reviewer’s concerns are addressed to facilitate the acceptance of the paper.

We thank the reviewers for their efforts in reviewing our work. Below, we summarize the rebuttal. - As suggested by [Reviewer Kx6v](https://openreview.net/forum?id=6ARlSgun7J&noteId=jns9oikZjC), we have added a detailed breakdown of the training time overhead by adding LEVER (Table 24,25, 26 in the suppl.), clarified the model size and examined the effect of using different $\tau$ ([this response](https://openreview.net/forum?id=6ARlSgun7J&noteId=RdASL7hszP)) in Table 22 in the suppl. We are glad that all of their concerns have been resolved. - As suggested by [Reviewer Cq1J](https://openreview.net/forum?id=6ARlSgun7J&noteId=O6ZTIrtlbZ), we have discussed the effect of varying the $\lambda$ parameter in our loss function in [this response](https://openreview.net/forum?id=6ARlSgun7J&noteId=cALwRAOyWZ). We will discuss the effect of varying $\tau$, currently discussed in Section 5, in Section 3 in the revised draft. We appreciate the reviewer's positive outlook on our experimental rigor. - Lastly, as suggested by [Reviewer Uo9h](https://openreview.net/forum?id=6ARlSgun7J&noteId=bPwOn1D8KL), we have clarified the differences between our work and [1] in [this response](https://openreview.net/forum?id=6ARlSgun7J&noteId=9HrmB4lqcE). We will include this in our final draft and further polish our presentation of theoretical results in the final version, as this will require re-writing to adhere to the page limits at the moment. [1]: ""Data scarcity, robustness, and extreme multi-label classification"" (Babbar and Scholkopf 2019)

We thank the reviewer for their valuable feedback. We request the reviewer to clarify the ethical concerns with our submission as we see our paper has been flagged for ethics review. Below we clarify some of the concerns. **Calibration concerns** Thank you for bringing this paper [1] to our notice. Since our loss is shift-invariant, the scores produced by the model are not calibrated, as pointed out in [1]. If $s_x =z_l^{T}z_x$ is the score output by the Siamese model for a label $l$ (with embedding $z_l$) and document $x$ with embedding $z_x$ this would mean that $s_x$ is not calibrated, we agree. However as indicated in theorem 2, we make use of probabilities $p_x = 1/(1 + e^{-(ms_x + c)})$ where $m,c$ are hyper-parameters for training OvA classifiers. Note that this is in line with the post-hoc calibration strategies explored in [2], where a model is learned and then a parametrized Sigmoid function is fit to learn the relevance probabilities, i.e., given an uncalibrated score $s_x$ we learn $p_x$ by fitting the sigmoid function $p_x = 1/(1 + e^{-(ms_x +c)})$ where $m, c$ are model hyper-parameters. **Why not use BCE Loss or methods proposed in [1] to achieve calibration?** We acknowledge that exploring the techniques in [1] could certainly be an interesting direction for future investigation to understand the effect of teacher models trained with different loss functions on student model performance, and we will add this as a future direction in our updated draft. Additionally, from our experience using BCELoss while training Bi-encoders leads to training instability. Hence we resorted to using pair-wise losses and posthoc calibration techniques [1]: Scale Calibration of Deep Ranking Models, Le Yan et al, KDD 2022 [2]: Probabilistic Outputs for SVMs and Comparisons to Regularized Likelihood Methods, Platt 2000 **Experimental settings and results** **Model Size** Please note that the inference pipeline is unchanged with the addition of LEVER (both in terms of model capacity and inference time). LEVER only affects the training strategy by the addition of soft labels. So, the model size is the same for the base classifier and its LEVER counterpart. The below table shows the model size (in Millions of parameters) for the different models and datasets. Note the smaller model size in ELIAS for LF-AmazonTitles-1.3M is due to using 512 dimension classifiers, (as 768D led to OOM issues). ||Renee|ELIAS|CascadeXML| |-|-|-|-| |LFAT-13K|167.03M|168.73M|268.94M| |LFA-131K|167.03M|168.73M|268.94M| |LF-AOL-270K|275.26M|277.14M|377.95M| |LF-WikiSeeAlso-320K|312.12M|315.59M|408.33M| |LF-Wikipedia-500K|451.90M|457.93M|553.47M| |LF-WikiHierarchy-970K|815.93M|829.51M|918.86M| |LF-AmazonTItles-1.3M|1064.76M|746.25M|1171.11M| **Significant gain in P@3/5 AOL in ELIAS** We apologize for the typo here, we accidentally entered values for ELIAS + LEVER on LFAT-1.3M here. The correct values were present in the appendix (Table 7), and now they have been added to the main paper in Table 1. as well. Here are the values for your reference |LF-AOL-270K|P@1|P@3|P@5|PSP@1|PSP@3|PSP@5| |-|-|-|-|-|-|-| |ELIAS |40.83 |22.33 |14.91 |13.29 |21.46 |25.22 | |ELIAS + LEVER |40.85 |22.83 |15.57 |13.68 |24.30 |30.43| **Significant gain in PSP metrics in WikiHierarchy in ELIAS** In ELIAS there is a bigger drop in head performance as compared to Renee when LEVER is applied. This therefore translates to a much larger increase in ELIAS+LEVER’s tail performance for this dataset, note that for ELIAS the performance improvement starts from the torso labels itself. This is illustrated in Figure 8 in the supplementary which compares decile wise plot ELIAS, ELIAS + LEVER and Renee, Renne+LEVER."			"{""disagreement"": 1.0, ""mixed_signals"": 1.0, ""response_count"": 3, ""density"": 2.0, ""primary_label"": ""partially_fixed"", ""secondary_label"": ""fixed""}"
6.200	sLQb8q0sUi__r04	ICLR.cc/2024/Conference	Fair and Efficient Contribution Valuation for Vertical Federated Learning	structured_v7	partially_fixed	modernbert_v7	fixed	"[weaknesses] - The paper did not discuss or empirically compare to alternatives, e.g., why not request embedding for all data points or value based on the updated mini-batch or a separate validation set? The experiments lack comparison to a ground-truth (request all embeddings) and other baselines (VFL valuation methods). - The solution introduced in the work does not seem very novel after considering existing VFL literature and HFL data valuation work. Fan et al. (2022) have used low rank matrix completion to estimate utilities of subsets. In the introduction, it is mentioned that it is more challenging to compute Shapley value to VFL than HFL as it is not applicable (possible) to obtain the global model by concatenating private local models. The challenge has to be further clarified. Is the challenge resolved by using local embedding (as in other VFL work)?

[questions] Questions 1. What are the reasons not to use the asynchronous valuation approach (page 7, use mini-batch only) for the synchronous setting? 2. Existing data valuation works (including those for HFL) usually use a separation validation set for the utility function. If a validation set is used, is the embedding matrix still needed? Minor suggestions * The Shapley value is often misspelled as Sharpley, Sharply, Shaprley etc * The paper can give some examples/explanation of models and $f$ for the reader to understand why the embedding is sufficient. E.g., what is $f$ for linear and logistic regression (in Sec. 3) * After proposition 1, the notation/arguments for the coverage number should be explained. * For VAFL, the client has to send the id of the embedding too. * Report N and T for the experiments

[summary] This paper seeks to assign each client a fair value in the vertical federated learning setting where clients share the same sample IDs but own different features. The paper proposes VerFedSV which consider clients’ contributions at multiple time stamps during training. VerFedSV satisfy desirable properties of fairness, can be efficiently computed without model training and extra communication cost. For the synchronous setting, computing VerFedSV will require the embedding of all data points. However, only the embedding for a mini-batch is available. The paper proposed how to obtain the embedding matrix through low rank matrix completion and show that error in the estimated VerFedSV is bounded. For the asynchronous setting, VerFedSV can be directly and exactly computed for the mini batch. VerFedSV will reward clients with more computational resources (batch size) and frequent communication."	"## Reply to Weakness 2 Thank you for your feedback regarding the technical novelty of our learning-based basis selection approach. We understand your concerns and appreciate the opportunity to emphasize our contributions: - We addressed an important problem rarely explored in the literature, that is, how to fairly value the contributions of different clients in the field of vertical federated learning (VFL). - Our proposed VerFedSV utilized the local embedding to construct the utility function. We have indeed employed techniques developed by pioneers in related fields (like local embeddings), but our work combines these techniques and applies them in a novel context. - VerFedSV is applicable for both synchronous and asynchronous VFL. In synchronous VFL, we utilize matrix completion to obtain the full embedding of all training sets. We demonstrate that the target embedding matrices are approximately low-rank and provide an approximation guarantee for VerFedSV. Under the asynchronous VFL setting, we show that VerFedSV successfully reflects the strength of clients' local computational resources. To conclude, our integrated VerFedSV provides a pioneering and exemplary framework for contribution evaluation in VFL, and this approach constitutes a solid contribution. ## Reply to Question 1 In the asynchronous setting, each client may require different amounts of time to complete a training iteration and may have varying batch sizes. However, in the synchronous setting, all clients have the same time per iteration and the same batch size. As described in Section 6, our approach in the asynchronous setting involves the transmission of mini-batches from the clients to the server to update the server embeddings. There is no need to use matrix completion so that the Shapley value is proportional to the client's computational strength. In the synchronous setting, we complete the full embedding, because, in this way, the entire training set is utilized for computing Shapley value, effectively avoiding potential errors from mini-batch sampling. ## Reply to Question 2 Please refer to our response in Weakness 1 regarding preparing and utilizing a separate validation set in the VFL setting. ## Reply to Minor Suggestions **Misspellings** We will ensure the misspellings are thoroughly correct in the final version. **Explanation for why the embeddings are sufficient** For linear regression, $f$ is mean square error, and for logistic regression, $f$ is cross-entropy loss. The client model can be a linear model or a neural network. We next explain why VerFedSV only relies on embeddings and is irrelevant to the function form of $f$ or whether the task is one-class or multi-class classification. We first recap the one-class case and then explain the multi-class case. In one-class case, we defined the embedding matrix $\mathcal{H}^m \in \mathbb{R}^{T \times N}$ where each element $(t,i)$ is defined as $\mathcal{H}_{t,i}^m = (h_i^m)^{(t)}$. In the context of the multi-class classification problem with $l > 2$ classes, the model parameter $\theta_m$ is in space $\mathbb{R}^{d^m \times l}$. Consequently, the embedding $h_i^m = \theta_m^\intercal x_i^m$ is in $\mathbb{R}^l$. Now, the embedding $\mathcal{H}^m$ is a tensor in $\mathbb{R}^{T \times N \times l}$. We reorder the tensor dimensions and lower it to a matrix $\mathcal{H}^m \in \mathbb{R}^{(l\cdot T) \times N}$. Regarding the general function case, $h_i^m = \theta_m^\intercal x_i^m$ becomes $h_i^m = g(x_i^m; \theta_m)$, where $g$ can be a neural network with weights $\theta_m$. VerFedSV by Definition 2 in Section 4 only requires $h^i_m$ and does not depends on does not depend on the specific form of $g$. **Explain covering number** Covering number $\mathcal{N}(\mathcal{D},\epsilon)$ represents the minimum number of ""balls"" or ""sets"" with radius $\epsilon$ that are needed to cover a given dataset $\mathcal{D}$. In other words, it quantifies the complexity of $\mathcal{D}$. Please refer to Definition 5 in Section B for detailed formulation. **Clients send the IDs** The client will send the batch $B$ that contains the IDs of data points. We will revise it in the final version. **Report $N$ and $T$** Please refer to Table 2 in Section C for the number of training data points $N$ in different datasets. As for $T$, under the synchronous setting, it is 160, 160, 800, and 320 for each dataset, and under the asynchronous setting, it is 100. We apologize for any confusion caused and assure to be clarified in the final version.

We sincerely appreciate your positive comments and valuable feedback on our paper. Following your feedback, we have made significant efforts to conduct comparison experiments. We are confident that these efforts have greatly enhanced the quality and strength of our paper. In light of this enhancement to the paper, we kindly hope that you could consider re-evaluating your score. We are confident that our work now better addresses your concerns, and we hope that the updates better reflect the contribution we aim to make to the field. We reply to each of the weaknesses and questions below. ## Reply to Weakness 1 Thank you for your valuable feedback. We extend the experiments to compare with alternatives including request embeddings for all data points and based on update mini-batch. We first define a deviation metric for the upcoming comparison experiments. For client $i$, denote its percentage of VerFedSV relative to the total VerFedSV from all clients as $s_i$. These VerFedSVs are calculated using matrix completion to estimate all embeddings. Meanwhile, we compute a ground-truth scenario where full embeddings are calculated in each training round. In this scenario, the percentage of Shapley value for client i relative to the sum of all Shapley values is denoted as $s_i^{gt}$. With $M$ representing the number of clients, the metric Deviation(VerFedSV, Ground truth) is defined as $\frac{1}{M} \sum_{m=1}^{M} \frac{|s_m - s^{gt}_m|}{s^{gt}_m}$. Similarly, the metric Deviation(Mini-batch, Ground truth) measures the deviation of Shapley value computed with mini-batch from the ground-truth scenario. The comparison results are shown as follows. The deviation metric is shown in mean$\pm$std format, where mean and std are calculated from 5 independent runs. | | Adult | Web | Covtype | RCV1 | |-|-|-|-|-| | VerFedSV | $0.058\pm 0.039$| $0.095\pm 0.051$ | $0.309\pm 0.041$ | $0.558\pm 0.117$ | | Mini-batch | $0.047\pm 0.150$ | $0.110 \pm0.300$ | $0.319\pm 0.057$ | $0.559\pm 0.268$ | To conclude, VerFedSV stably achieves low deviation since it can accurately recover the full embeddings. In contrast, the Shapley values under the Mini-batch scenario exhibit a larger variance than VerFedSV. Preparing a separate validation set under the VFL scenario is a non-trivial research topic. In the VFL scenario, the server should not possess any knowledge about the client dataset, including even the feature dimensions. The server and clients have to collaborate prudently and complicatedly to prepare and utilize the validation set while properly addressing the privacy issue. Considering this challenge, we propose using the full training set directly. This approach offers several advantages. Firstly, it utilizes the entire training set for computing Shapley value, thereby avoiding potential errors introduced by sampling mini-batches. Additionally, it ensures that the computation process of the Shapley value does not leak private information and that the resulting Shapley value remains private to each client. For baselines, we would like to draw the reviewer's attention to SHAP [1] baseline in Section D.2. This experiment shows that VerFedSV reflects the importance of clients’ local features. However, to the best of our knowledge, no other suitable baseline exists that considers both privacy and fairness simultaneously. Actually, the SHAP baseline cannot be directly applied to the VFL task, as it requires access to all the local datasets and may breach privacy. Meanwhile, the baselines involving the model-independent utility would cause fairness issue in the asynchronous VFL scenario, since they rely on the client's data but ignores the computational resources contributed by the client. To explain this, we have an example in Sec. 7.2. Imagine two clients with identical datasets. Using the model-independent utility function, both clients would be evaluated as having equal contributions. However, in an asynchronous environment, Client 1 may have superior hardware and transmission power. This advantage allows for a larger batch size and facilitates more frequent communication, resulting in a higher number of asynchronous training rounds. In such a scenario, Client 1's contribution should be greater, yet the model-independent utility function fails to recognize this, leading to an unfair assessment. [2] Scott M. Lundberg, Su-In Lee. A Unified Approach to Interpreting Model Predictions. NeurIPS 2017: 4765-4774

We sincerely appreciate your positive comments and valuable feedback on our paper. We have addressed your comments and made the necessary corrections to improve the paper. We would like to draw your attention to the novelty and broader impact of our research and hope that you might reconsider increasing the score based on the comprehensive merits of our research. Thank you once again for your time and valuable input. We reply to each of the weaknesses and questions below. ## Reply to Weaknesses **Regarding Weakness 1:** Thank you for your insightful feedback. The model-independent utility function relies on the client's data but ignores the computational resources contributed by the client. This oversight can lead to unfairness in the asynchronous scenario. Actually, we have an example in Sec. 7.2. Imagine two clients with identical datasets. Using the model-independent utility function, both clients would be evaluated as having equal contributions. However, in an asynchronous environment, Client 1 may have superior hardware and transmission power. This advantage allows for a larger batch size and facilitates more frequent communication, resulting in a higher number of asynchronous training rounds. In such a scenario, Client 1's contribution should be greater, yet the model-independent utility function fails to recognize this, leading to an unfair assessment. We provided detailed numerical results in Sec. 7.2 to support this example. Based on your valuable feedback, we will enhance the clarity of this explanation in Sec. 2 to better communicate the potential fairness issues arising from the model-independent utility function in asynchronous settings. **Regarding Weakness 2:** We appreciate your suggested references and acknowledge the importance of a comprehensive literature survey in this area. Our work VerFedSV is different from the existing works like ShapleyFL [1]. ShapleyFL applies Shapley Value in FL against malicious clients, while VerFedSV focuses on computing Shapley Value efficiently in the VFL scenario. We will include more literature works in the final version of our paper, including but not limited to, the references you suggest, more recent works on Shapley Value and its extension to HFL and VFL. [1] Sunqi Heng et al. ShapleyFL: Robust Federated Learning Based on Shapley Value. KDD 2023 **Regarding Weakness 3:** Thank you for pointing out the need for a clearer explanation of the embedding $h_i^m$ in Sec. 3. The term $h_i^m$ represents the embedding of a local data point $x_i^m$ from the $m$-th client, transformed by the local model's parameters $\theta_m$. For linear and logistic regression models, this embedding is computed as $h_i^m = \langle \theta_m, x_i^m \rangle = \theta_m^\intercal x_i^m$. Then, each client uploads local embeddings $h_i^m$ to the server. The server aggregates these embeddings to obtain a global embedding $h_i$ for $i$-th data point, i.e., $h_i = \sum_{m=1}^M h_i^m$. This global embedding is employed to compute the loss, denoted by $f(h_i,y_i)$. Here, $f$ is a differentiable function. For linear regression, mean square error is employed, and for logistic regression, cross-entropy loss is employed. We illustrated these concepts in Sec.3 and we will make sure they are more clearly explained in the final version. **Regarding Weakness 4:** We have included this particular weakness in the future work section. However, it does not mean the weakness cannot be solved. One potential solution is to implement secure statistical testing before FL training and exclude clients with extremely similar datasets. This would be an orthogonal and promising future direction. We will further clarify it in the paper. **Regarding Weakness 5:** We sincerely apologize for the typos and will thoroughly correct them. ## Reply to Questions **For Question 1**, see our reply to Weakness 1. **For Question 2**, to our best knowledge, this paper is the first work of model-dependent utility function in VFL. Regarding related works of Shapley value in the VFL, we acknowledge the rapidly evolving dynamics within this research community, so we will surely update the final version of our paper with a comprehensive review. **For Question 3**, see our reply to Weakness 3."	"We sincerely appreciate the valuable suggestions you provided during the review process. Following your suggestions, we have devoted great effort to an expanded ablation study. We believe that these improvements have strengthened the paper substantially. In light of these efforts and the resulting improvements to the paper, we kindly hope that you could consider re-evaluating your score. We are confident that our work now better addresses your concerns, and we hope that the updates better reflect the contribution we aim to make to the field. We reply to each of the weaknesses and questions below. ## Reply to Weakness on Writing Thank you for your suggestions on writing and clarity. We will revise $d^m$ to $d^{(m)}$ to prevent potential misinterpretation and will thoroughly correct the typos. Concerning the utilization of low-rank matrix completion, we initially introduced its motivation, formulation, and application in Section 5. We will further enrich the backgrounds for its solving algorithm in the appendix, including a taxonomy of existing algorithms and more detailed explanations. In Proposition 1, $\mathcal{D}^{(m)}$ is the local data set for client $m$ defined in Section 3. Regarding the term $\gamma^{(m)}$, we deeply regret any confusion it may cause. This term is defined in Section B.2 as the bound on the $L_2$ norm of the model parameters. To be specific, it is denoted as $\gamma^{(m)} = \max_{t \in [T]}\|\theta_m^{(t)}\|$. Finally, in line with your recommendations, we will revise the notation $\cdot^m$ to $\cdot^{(m)}$ and state Proposition 3 as an Example to enhance understanding. ## Reply to Questions on Experiments **Question 1** For the dimension of each dataset, please refer to Table 2 (Metadata of all data sets) in the paper. **Question 2** Table 1 reveals that artificial clients, which submit randomly generated features, are assigned substantially lower Shapley values compared to regular clients providing real features. In this table, the Shapley value of one artificial client is compared against that of the regular clients. This setup’s purpose is to show that artificial clients are indeed evaluated as having lower contributions. **Question 3** The hyperparameter $r$ is based on approximated $\epsilon$-rank in our experiment. As for $\lambda$, we observe that the performance of VerFedSV remains relatively insensitive across a wide range of $\lambda$. To support these observations, we conduct new ablation studies as follows. We define a deviation metric for the upcoming ablation study. For client $i$, denote its percentage of VerFedSV relative to the total VerFedSV from all clients as $s_i$. These VerFedSVs are calculated using matrix completion to estimate all embeddings. Meanwhile, we compute a ground-truth scenario where full embeddings are calculated in each training round. In this scenario, the percentage of Shapley value for client i relative to the sum of all Shapley values is denoted as $ s_{i}^{gt} $ . With $M$ representing the number of clients, the deviation metric is defined as $\frac{1}{M} \sum_{m=1}^{M} \frac{|s_m - s^{gt}_m|}{s^{gt}_m} $. Please refer to this [anonymous link](https://drive.google.com/file/d/14273cwj05-QrdUab_AXa8wSnswo5QHki/view?usp=drive_link) for the results. The left part of the figure displays the deviation w.r.t the hyperparameter $r$, based on five independent runs. The median deviation of these runs is depicted by the solid line, while the shaded area represents the interquartile range (25% to 75% quantiles) of deviations. Take the Adult dataset as an example for analysis. The figure demonstrates that deviations are significant for $r<5$, since inadequate rank cannot accurately recover full embeddings. However, deviation decreases rapidly as $r$ increases and stabilizes at a low value when $r\ge 5$. Practically, obtaining full embeddings is resource-intensive due to communication costs or limited resources on the client side. Thus, approximating $\epsilon$ rank may be difficult. However, the server (with sufficient computational resources), after collecting the mini-batch embeddings, can test with several increasing values of $r$. The Shapley value will converge to the ground-truth value as revealed by our ablation study. The right part of the figure illustrates the deviation w.r.t the hyperparameter $\lambda$. It demonstrates that the performance of VerFedSV remains relatively insensitive across a wide range of $\lambda$ and we can safely set $\lambda=0.1$ for various datasets.

We sincerely appreciate your positive comments and valuable feedback on our paper. We reply to each of the weaknesses and questions below. ## Reply to Weakness 1 Thank you for your valuable feedback. Our experiments indeed encompass multi-class (e.g., on Covtype) and general function cases (e.g., 2-layer perceptron model on RCV1). We will ensure providing concrete explanations in the final version. We first recap the one-class case and then explain the multi-class case. In one-class case, we defined the embedding matrix $\mathcal{H}^m \in \mathbb{R}^{T \times N}$ where each element $(t,i)$ is defined as $\mathcal{H}_{t,i}^m = (h_i^m)^{(t)}$. In the context of the multi-class classification problem with $l > 2$ classes, the model parameter $\theta_m$ is in space $\mathbb{R}^{d^m \times l}$. Consequently, the embedding $h_i^m = \theta_m^\intercal x_i^m$ is in $\mathbb{R}^l$. Now, the embedding $\mathcal{H}^m$ is a tensor in $\mathbb{R}^{T \times N \times l}$. We reorder the tensor dimensions and lower it to a matrix $\mathcal{H}^m \in \mathbb{R}^{(l\cdot T) \times N}$. Regarding the general function case, $h_i^m = \theta_m^\intercal x_i^m$ becomes $h_i^m = g(x_i^m; \theta_m)$, where $g$ can be a neural network with weights $\theta_m$. Since our method does not depend on the specific form of $g$ and only requires $h_i^m$, it can be extended to the general function case. Admittedly, Proposition 1 on the bound of embedding matrix’s $\epsilon$-rank may not necessarily hold. However, in practice (See Section 7.1, RCV1 dataset) we still observe that embedding is approximately low-rank, so matrix completion is still an effective strategy. ## Reply to Weakness 2 Thank you for your feedback on the baselines. We would like to mention that data Shapley value [1] can be easily extended to the HFL scenario but not to the VFL scenario. This is because VFL's clients partition the dataset along feature dimensions, while the data Shapley value [1] was designed to assess the importance of individual data points. We would like to draw the reviewer's attention to our extra experiment in Section D.2, where SHAP [2] is employed as a baseline to test whether VerFedSV reflects the importance of clients’ local features. It is worth noting that the SHAP baseline cannot be directly applied to the VFL task, as it requires access to all the local datasets and may breach privacy. Nevertheless, the results presented in Table 5 of Section D.2 indicate that VerFedSV is indeed capable of capturing feature importance. [1] Amirata Ghorbani, James Y. Zou. Data Shapley: Equitable Valuation of Data for Machine Learning. ICML 2019: 2242-2251 [2] Scott M. Lundberg, Su-In Lee. A Unified Approach to Interpreting Model Predictions. NeurIPS 2017: 4765-4774 ## Reply to Question 1 In VerFedSV, it will be inefficient to sum over all subsets $S\subset[M]$. However, this is a common issue in Shapley Value and well-studied in literature. Various sampling methods [1,3] are proposed for this issue. In our experiment, as mentioned in Section C, VerFedSV is computed exactly when the number of clients $M \le 10$, and approximately using Monte-Carlo sampling when the number of clients $M > 10$. VerFedSV is efficient because it does not require model retraining. The key idea is to calculate the Shapley value for a client in each iteration of training and then aggregate these values over all iterations to determine the final contribution of the client. [3] Jiayao Zhang, Qiheng Sun, Jinfei Liu, Li Xiong, Jian Pei, Kui Ren. Efficient Sampling Approaches to Shapley Value Approximation. Proc. ACM Manag. Data 1(1): 48:1-48:24 (2023) ## Reply to Question 2 FedSV [4] and VerFedSV are applied in different scenarios -- HFL and VFL, respectively. Furthermore, it's worth noting that FedSV is specifically designed for the synchronousFL setting and relies on training rounds. In contrast, VerFedSV in Section 6 applies to the asynchronous FL setting. [4] Tianhao Wang, Johannes Rausch, Ce Zhang, Ruoxi Jia, Dawn Song. A Principled Approach to Data Valuation for Federated Learning. Federated Learning 2020: 153-167

We sincerely appreciate your positive comments and valuable feedback on our paper. Following your feedback, we have made significant efforts to conduct comparison experiments. We are confident that these efforts have greatly enhanced the quality and strength of our paper. In light of this enhancement to the paper, we kindly hope that you could consider re-evaluating your score. We are confident that our work now better addresses your concerns, and we hope that the updates better reflect the contribution we aim to make to the field. We reply to each of the weaknesses and questions below. ## Reply to Weakness 1 Thank you for your valuable feedback. We extend the experiments to compare with alternatives including request embeddings for all data points and based on update mini-batch. We first define a deviation metric for the upcoming comparison experiments. For client $i$, denote its percentage of VerFedSV relative to the total VerFedSV from all clients as $s_i$. These VerFedSVs are calculated using matrix completion to estimate all embeddings. Meanwhile, we compute a ground-truth scenario where full embeddings are calculated in each training round. In this scenario, the percentage of Shapley value for client i relative to the sum of all Shapley values is denoted as $s_i^{gt}$. With $M$ representing the number of clients, the metric Deviation(VerFedSV, Ground truth) is defined as $\frac{1}{M} \sum_{m=1}^{M} \frac{|s_m - s^{gt}_m|}{s^{gt}_m}$. Similarly, the metric Deviation(Mini-batch, Ground truth) measures the deviation of Shapley value computed with mini-batch from the ground-truth scenario. The comparison results are shown as follows. The deviation metric is shown in mean$\pm$std format, where mean and std are calculated from 5 independent runs. | | Adult | Web | Covtype | RCV1 | |-|-|-|-|-| | VerFedSV | $0.058\pm 0.039$| $0.095\pm 0.051$ | $0.309\pm 0.041$ | $0.558\pm 0.117$ | | Mini-batch | $0.047\pm 0.150$ | $0.110 \pm0.300$ | $0.319\pm 0.057$ | $0.559\pm 0.268$ | To conclude, VerFedSV stably achieves low deviation since it can accurately recover the full embeddings. In contrast, the Shapley values under the Mini-batch scenario exhibit a larger variance than VerFedSV. Preparing a separate validation set under the VFL scenario is a non-trivial research topic. In the VFL scenario, the server should not possess any knowledge about the client dataset, including even the feature dimensions. The server and clients have to collaborate prudently and complicatedly to prepare and utilize the validation set while properly addressing the privacy issue. Considering this challenge, we propose using the full training set directly. This approach offers several advantages. Firstly, it utilizes the entire training set for computing Shapley value, thereby avoiding potential errors introduced by sampling mini-batches. Additionally, it ensures that the computation process of the Shapley value does not leak private information and that the resulting Shapley value remains private to each client. For baselines, we would like to draw the reviewer's attention to SHAP [1] baseline in Section D.2. This experiment shows that VerFedSV reflects the importance of clients’ local features. However, to the best of our knowledge, no other suitable baseline exists that considers both privacy and fairness simultaneously. Actually, the SHAP baseline cannot be directly applied to the VFL task, as it requires access to all the local datasets and may breach privacy. Meanwhile, the baselines involving the model-independent utility would cause fairness issue in the asynchronous VFL scenario, since they rely on the client's data but ignores the computational resources contributed by the client. To explain this, we have an example in Sec. 7.2. Imagine two clients with identical datasets. Using the model-independent utility function, both clients would be evaluated as having equal contributions. However, in an asynchronous environment, Client 1 may have superior hardware and transmission power. This advantage allows for a larger batch size and facilitates more frequent communication, resulting in a higher number of asynchronous training rounds. In such a scenario, Client 1's contribution should be greater, yet the model-independent utility function fails to recognize this, leading to an unfair assessment. [2] Scott M. Lundberg, Su-In Lee. A Unified Approach to Interpreting Model Predictions. NeurIPS 2017: 4765-4774"			"{""disagreement"": 1.0, ""mixed_signals"": 1.0, ""response_count"": 3, ""density"": 2.0, ""primary_label"": ""partially_fixed"", ""secondary_label"": ""fixed""}"
